year,week_number,week_start_date,week_end_date,week_date_label,gender,num_meets,num_athletes,athletes_per_meet
2023,5,2023-09-01,2023-09-01,Sep 01,M,5,31,6.2
2023,5,2023-09-01,2023-09-01,Sep 01,F,5,3,0.6
2023,5,2023-09-01,2023-09-01,Sep 01,All,5,34,6.8
2024,5,2024-08-30,2024-08-31,Aug 30,M,10,104,10.4
2024,5,2024-08-30,2024-08-31,Aug 30,F,10,45,4.5
2024,5,2024-08-30,2024-08-31,Aug 30,All,10,149,14.9
2025,5,2025-08-29,2025-08-30,Aug 29,M,7,58,8.285714285714286
2025,5,2025-08-29,2025-08-30,Aug 29,F,7,40,5.714285714285714
2025,5,2025-08-29,2025-08-30,Aug 29,All,7,98,14.0
2023,6,2023-09-08,2023-09-09,Sep 08,M,5,216,43.2
2023,6,2023-09-08,2023-09-09,Sep 08,F,5,110,22.0
2023,6,2023-09-08,2023-09-09,Sep 08,All,5,326,65.2
2024,6,2024-09-06,2024-09-07,Sep 06,M,12,265,22.083333333333332
2024,6,2024-09-06,2024-09-07,Sep 06,F,12,146,12.166666666666666
2024,6,2024-09-06,2024-09-07,Sep 06,All,12,411,34.25
2025,6,2025-09-05,2025-09-06,Sep 05,M,12,121,10.083333333333334
2025,6,2025-09-05,2025-09-06,Sep 05,F,12,58,4.833333333333333
2025,6,2025-09-05,2025-09-06,Sep 05,All,12,179,14.916666666666666
2023,7,2023-09-15,2023-09-16,Sep 15,M,13,585,45.0
2023,7,2023-09-15,2023-09-16,Sep 15,F,13,366,28.153846153846153
2023,7,2023-09-15,2023-09-16,Sep 15,All,13,951,73.15384615384616
2024,7,2024-09-13,2024-09-14,Sep 13,M,13,548,42.15384615384615
2024,7,2024-09-13,2024-09-14,Sep 13,F,13,326,25.076923076923077
2024,7,2024-09-13,2024-09-14,Sep 13,All,13,874,67.23076923076923
2025,7,2025-09-12,2025-09-13,Sep 12,M,10,500,50.0
2025,7,2025-09-12,2025-09-13,Sep 12,F,10,305,30.5
2025,7,2025-09-12,2025-09-13,Sep 12,All,10,805,80.5
2023,8,2023-09-23,2023-09-23,Sep 23,M,5,365,73.0
2023,8,2023-09-23,2023-09-23,Sep 23,F,5,253,50.6
2023,8,2023-09-23,2023-09-23,Sep 23,All,5,618,123.6
2024,8,2024-09-20,2024-09-21,Sep 20,M,16,564,35.25
2024,8,2024-09-20,2024-09-21,Sep 20,F,16,370,23.125
2024,8,2024-09-20,2024-09-21,Sep 20,All,16,934,58.375
2025,8,2025-09-19,2025-09-21,Sep 19,M,18,947,52.611111111111114
2025,8,2025-09-19,2025-09-21,Sep 19,F,18,673,37.388888888888886
2025,8,2025-09-19,2025-09-21,Sep 19,All,18,1620,90.0
2023,9,2023-09-29,2023-09-30,Sep 29,M,18,702,39.0
2023,9,2023-09-29,2023-09-30,Sep 29,F,18,406,22.555555555555557
2023,9,2023-09-29,2023-09-30,Sep 29,All,18,1108,61.55555555555556
2024,9,2024-09-27,2024-09-28,Sep 27,M,12,673,56.083333333333336
2024,9,2024-09-27,2024-09-28,Sep 27,F,12,380,31.666666666666668
2024,9,2024-09-27,2024-09-28,Sep 27,All,12,1053,87.75
2025,9,2025-09-26,2025-10-02,Sep 26,M,11,531,48.27272727272727
2025,9,2025-09-26,2025-10-02,Sep 26,F,11,295,26.818181818181817
2025,9,2025-09-26,2025-10-02,Sep 26,All,11,826,75.0909090909091
2023,10,2023-10-06,2023-10-07,Oct 06,M,8,453,56.625
2023,10,2023-10-06,2023-10-07,Oct 06,F,8,243,30.375
2023,10,2023-10-06,2023-10-07,Oct 06,All,8,696,87.0
2024,10,2024-10-04,2024-10-08,Oct 04,M,17,553,32.529411764705884
2024,10,2024-10-04,2024-10-08,Oct 04,F,17,324,19.058823529411764
2024,10,2024-10-04,2024-10-08,Oct 04,All,17,877,51.588235294117645
2025,10,2025-10-03,2025-10-04,Oct 03,M,18,662,36.77777777777778
2025,10,2025-10-03,2025-10-04,Oct 03,F,18,374,20.77777777777778
2025,10,2025-10-03,2025-10-04,Oct 03,All,18,1036,57.55555555555556
2023,11,2023-10-13,2023-10-15,Oct 13,M,10,430,43.0
2023,11,2023-10-13,2023-10-15,Oct 13,F,10,197,19.7
2023,11,2023-10-13,2023-10-15,Oct 13,All,10,627,62.7
2024,11,2024-10-12,2024-10-12,Oct 12,M,8,209,26.125
2024,11,2024-10-12,2024-10-12,Oct 12,F,8,133,16.625
2024,11,2024-10-12,2024-10-12,Oct 12,All,8,342,42.75
2025,11,2025-10-10,2025-10-11,Oct 10,M,13,149,11.461538461538462
2025,11,2025-10-10,2025-10-11,Oct 10,F,13,114,8.76923076923077
2025,11,2025-10-10,2025-10-11,Oct 10,All,13,263,20.23076923076923
2023,12,2023-10-21,2023-10-21,Oct 21,M,3,606,202.0
2023,12,2023-10-21,2023-10-21,Oct 21,F,3,388,129.33333333333334
2023,12,2023-10-21,2023-10-21,Oct 21,All,3,994,331.3333333333333
2024,12,2024-10-18,2024-10-19,Oct 18,M,7,558,79.71428571428571
2024,12,2024-10-18,2024-10-19,Oct 18,F,7,315,45.0
2024,12,2024-10-18,2024-10-19,Oct 18,All,7,873,124.71428571428571
2025,12,2025-10-17,2025-10-18,Oct 17,M,10,527,52.7
2025,12,2025-10-17,2025-10-18,Oct 17,F,10,316,31.6
2025,12,2025-10-17,2025-10-18,Oct 17,All,10,843,84.3
2023,13,2023-10-28,2023-10-28,Oct 28,M,3,514,171.33333333333334
2023,13,2023-10-28,2023-10-28,Oct 28,F,3,240,80.0
2023,13,2023-10-28,2023-10-28,Oct 28,All,3,754,251.33333333333334
2024,13,2024-10-26,2024-10-26,Oct 26,M,5,731,146.2
2024,13,2024-10-26,2024-10-26,Oct 26,F,5,391,78.2
2024,13,2024-10-26,2024-10-26,Oct 26,All,5,1122,224.4
2025,13,2025-10-24,2025-10-25,Oct 24,M,5,812,162.4
2025,13,2025-10-24,2025-10-25,Oct 24,F,5,477,95.4
2025,13,2025-10-24,2025-10-25,Oct 24,All,5,1289,257.8
