athlete_id,gender,year,n_races,fastest_race_position
1,M,2023,4,3
2,M,2023,3,2
3,M,2023,4,4
5,M,2023,3,1
6,M,2023,4,2
7,M,2023,4,4
8,M,2023,2,2
9,M,2023,2,2
10,M,2023,2,1
12,M,2023,4,2
13,M,2023,2,1
14,M,2023,4,3
15,M,2023,2,2
16,M,2023,4,4
17,M,2023,4,2
18,M,2023,4,3
19,M,2023,3,3
20,M,2023,2,2
21,M,2023,2,2
22,M,2023,3,2
24,M,2023,3,3
25,M,2023,2,1
26,M,2023,2,1
28,M,2023,4,4
30,M,2023,2,2
31,M,2023,2,1
32,M,2023,2,2
33,M,2023,4,3
34,M,2023,2,1
35,M,2023,3,3
37,M,2023,2,2
38,M,2023,4,4
39,M,2023,4,2
40,M,2023,2,1
42,M,2023,2,1
43,M,2023,3,3
44,M,2023,2,1
45,M,2023,2,2
49,M,2023,2,1
50,M,2023,2,1
53,M,2023,2,1
54,M,2023,3,3
55,M,2023,2,1
56,M,2023,2,1
57,M,2023,2,1
58,M,2023,3,2
61,M,2023,2,2
89,M,2023,2,2
90,M,2023,2,2
91,M,2023,2,2
93,M,2023,2,2
94,M,2023,2,2
95,M,2023,2,2
96,M,2023,2,2
98,M,2023,2,2
99,M,2023,2,2
100,M,2023,2,2
102,M,2023,2,2
103,M,2023,2,2
105,M,2023,2,2
106,M,2023,2,2
115,M,2023,3,2
116,M,2023,3,3
117,M,2023,3,3
119,M,2023,2,2
120,M,2023,3,2
121,M,2023,2,2
123,M,2023,3,1
124,M,2023,3,2
125,M,2023,3,3
126,M,2023,2,1
127,M,2023,3,2
128,M,2023,3,1
129,M,2023,2,1
130,M,2023,3,1
131,M,2023,4,3
132,M,2023,2,1
133,M,2023,5,5
134,M,2023,4,3
135,M,2023,2,2
138,M,2023,3,1
139,M,2023,2,1
140,M,2023,3,2
141,M,2023,3,1
142,M,2023,3,2
143,M,2023,2,1
145,M,2023,5,4
146,M,2023,2,2
148,M,2023,2,1
149,M,2023,2,2
150,M,2023,2,1
151,M,2023,3,1
153,M,2023,3,3
155,M,2023,2,2
156,M,2023,2,2
157,M,2023,2,1
158,M,2023,3,3
159,M,2023,2,2
160,M,2023,3,3
161,M,2023,3,3
162,M,2023,3,2
164,M,2023,2,2
165,M,2023,4,1
166,M,2023,2,2
168,M,2023,2,1
170,M,2023,4,1
172,M,2023,2,1
176,M,2023,2,2
177,M,2023,3,1
178,M,2023,3,3
179,M,2023,4,1
181,M,2023,3,3
183,M,2023,2,2
184,M,2023,2,2
187,M,2023,2,2
188,M,2023,3,3
189,M,2023,2,2
190,M,2023,4,4
191,M,2023,3,2
192,M,2023,3,2
194,M,2023,2,2
195,M,2023,2,2
197,M,2023,3,2
201,M,2023,2,2
202,M,2023,4,4
203,M,2023,2,2
205,M,2023,4,4
207,M,2023,2,2
208,M,2023,2,2
209,M,2023,4,4
210,M,2023,3,3
211,M,2023,2,1
217,M,2023,2,2
220,M,2023,2,2
221,M,2023,5,5
224,M,2023,2,2
225,M,2023,4,4
228,M,2023,4,4
310,M,2023,4,4
311,M,2023,2,2
312,M,2023,2,2
313,M,2023,4,4
314,M,2023,2,2
315,M,2023,2,2
316,M,2023,2,2
317,M,2023,3,1
318,M,2023,2,2
319,M,2023,2,2
320,M,2023,4,4
324,M,2023,2,2
325,M,2023,2,2
327,M,2023,2,2
330,M,2023,3,3
331,M,2023,2,2
332,M,2023,2,2
333,M,2023,2,1
334,M,2023,3,1
335,M,2023,2,2
339,M,2023,2,2
340,M,2023,2,2
342,M,2023,2,2
344,M,2023,2,2
346,M,2023,2,2
347,M,2023,4,4
350,M,2023,4,4
351,M,2023,4,2
363,M,2023,4,2
364,M,2023,4,2
365,M,2023,4,4
366,M,2023,4,4
367,M,2023,3,2
368,M,2023,4,2
369,M,2023,3,2
370,M,2023,4,2
371,M,2023,4,2
372,M,2023,4,4
374,M,2023,3,2
375,M,2023,4,4
376,M,2023,3,2
378,M,2023,4,2
379,M,2023,4,1
380,M,2023,4,3
381,M,2023,3,1
382,M,2023,5,3
393,M,2023,2,2
394,M,2023,3,2
395,M,2023,3,3
396,M,2023,3,2
397,M,2023,2,2
398,M,2023,2,2
399,M,2023,3,3
400,M,2023,3,3
401,M,2023,3,3
402,M,2023,3,3
403,M,2023,2,2
414,M,2023,4,4
415,M,2023,4,2
416,M,2023,3,2
417,M,2023,3,3
418,M,2023,3,3
419,M,2023,2,2
420,M,2023,4,3
421,M,2023,3,3
422,M,2023,4,4
423,M,2023,4,4
424,M,2023,2,2
426,M,2023,2,2
427,M,2023,3,3
428,M,2023,2,1
430,M,2023,2,2
433,M,2023,4,3
434,M,2023,2,2
435,M,2023,4,3
436,M,2023,3,3
437,M,2023,4,4
438,M,2023,2,2
440,M,2023,3,3
451,M,2023,3,1
453,M,2023,2,1
454,M,2023,3,2
455,M,2023,2,1
457,M,2023,2,2
458,M,2023,3,1
459,M,2023,2,2
460,M,2023,2,1
461,M,2023,2,2
462,M,2023,3,3
463,M,2023,3,1
464,M,2023,2,1
465,M,2023,2,2
466,M,2023,2,2
467,M,2023,3,3
468,M,2023,3,3
504,M,2023,3,1
505,M,2023,3,1
506,M,2023,3,1
507,M,2023,3,1
508,M,2023,2,1
509,M,2023,3,1
510,M,2023,2,2
511,M,2023,2,1
512,M,2023,3,1
513,M,2023,3,1
515,M,2023,3,1
516,M,2023,3,3
517,M,2023,3,1
518,M,2023,2,1
520,M,2023,2,1
521,M,2023,3,1
523,M,2023,3,1
524,M,2023,3,3
525,M,2023,3,3
526,M,2023,3,1
527,M,2023,2,1
528,M,2023,2,1
529,M,2023,3,1
531,M,2023,3,3
532,M,2023,3,1
533,M,2023,2,1
534,M,2023,3,1
535,M,2023,2,1
536,M,2023,2,1
537,M,2023,2,1
538,M,2023,3,1
542,M,2023,2,2
546,M,2023,2,1
548,M,2023,2,1
549,M,2023,3,1
550,M,2023,3,3
551,M,2023,3,2
552,M,2023,3,1
554,M,2023,2,2
556,M,2023,2,2
561,M,2023,3,3
563,M,2023,2,2
565,M,2023,3,2
667,M,2023,3,3
668,M,2023,4,3
669,M,2023,3,3
670,M,2023,3,3
671,M,2023,3,3
672,M,2023,3,3
673,M,2023,3,3
674,M,2023,4,3
675,M,2023,4,2
676,M,2023,4,4
677,M,2023,4,3
678,M,2023,2,2
680,M,2023,3,3
681,M,2023,2,2
682,M,2023,2,2
683,M,2023,3,2
684,M,2023,2,2
685,M,2023,3,3
686,M,2023,2,2
687,M,2023,3,2
688,M,2023,2,2
689,M,2023,4,2
690,M,2023,2,2
691,M,2023,4,2
692,M,2023,3,2
693,M,2023,2,2
694,M,2023,2,1
695,M,2023,3,3
696,M,2023,3,1
697,M,2023,2,2
699,M,2023,3,3
701,M,2023,4,2
702,M,2023,2,2
704,M,2023,3,3
705,M,2023,4,4
706,M,2023,4,3
707,M,2023,3,3
708,M,2023,3,1
709,M,2023,3,3
710,M,2023,2,1
711,M,2023,3,3
712,M,2023,3,3
714,M,2023,3,3
715,M,2023,4,2
717,M,2023,3,3
718,M,2023,2,1
720,M,2023,3,2
721,M,2023,3,2
722,M,2023,2,2
723,M,2023,3,2
724,M,2023,2,2
725,M,2023,2,1
726,M,2023,2,2
727,M,2023,3,3
728,M,2023,3,3
730,M,2023,3,2
731,M,2023,3,3
732,M,2023,3,3
733,M,2023,3,3
734,M,2023,3,3
735,M,2023,2,2
736,M,2023,2,1
737,M,2023,4,2
738,M,2023,2,2
739,M,2023,2,2
740,M,2023,3,3
741,M,2023,2,1
742,M,2023,2,1
743,M,2023,3,3
744,M,2023,2,2
745,M,2023,3,3
746,M,2023,3,1
748,M,2023,3,2
750,M,2023,3,2
751,M,2023,3,3
752,M,2023,4,4
753,M,2023,2,1
754,M,2023,3,3
755,M,2023,2,2
756,M,2023,3,2
757,M,2023,2,2
758,M,2023,3,2
760,M,2023,3,3
762,M,2023,4,3
763,M,2023,2,2
764,M,2023,4,3
765,M,2023,2,2
767,M,2023,2,2
769,M,2023,3,2
770,M,2023,2,2
771,M,2023,3,2
772,M,2023,3,3
775,M,2023,2,2
778,M,2023,3,3
781,M,2023,4,4
784,M,2023,2,2
786,M,2023,3,2
787,M,2023,2,2
790,M,2023,3,1
792,M,2023,3,3
794,M,2023,3,3
795,M,2023,2,1
796,M,2023,2,2
801,M,2023,4,2
802,M,2023,4,2
804,M,2023,2,2
806,M,2023,2,2
863,M,2023,5,3
866,M,2023,4,4
867,M,2023,5,5
868,M,2023,3,2
870,M,2023,4,3
873,M,2023,2,2
874,M,2023,3,2
877,M,2023,4,2
878,M,2023,3,2
881,M,2023,4,3
882,M,2023,5,2
885,M,2023,5,3
886,M,2023,4,4
887,M,2023,2,2
889,M,2023,3,3
890,M,2023,4,3
892,M,2023,4,4
894,M,2023,3,2
895,M,2023,4,3
898,M,2023,2,1
900,M,2023,3,2
904,M,2023,3,3
906,M,2023,3,2
908,M,2023,2,2
910,M,2023,5,4
912,M,2023,3,3
913,M,2023,2,2
917,M,2023,2,2
918,M,2023,4,4
922,M,2023,4,2
924,M,2023,4,2
926,M,2023,2,2
927,M,2023,4,2
928,M,2023,3,2
931,M,2023,3,3
932,M,2023,3,3
934,M,2023,4,4
936,M,2023,2,2
937,M,2023,2,2
939,M,2023,3,2
941,M,2023,5,2
944,M,2023,4,3
947,M,2023,4,3
948,M,2023,4,4
951,M,2023,3,2
953,M,2023,4,4
955,M,2023,3,3
959,M,2023,2,2
961,M,2023,2,2
963,M,2023,4,2
964,M,2023,4,3
966,M,2023,2,2
967,M,2023,3,3
969,M,2023,3,2
982,M,2023,2,2
984,M,2023,2,2
1172,M,2023,2,1
1173,M,2023,4,2
1175,M,2023,2,1
1180,M,2023,4,2
1181,M,2023,4,1
1183,M,2023,3,1
1184,M,2023,2,1
1190,M,2023,2,1
1192,M,2023,2,1
1194,M,2023,3,1
1195,M,2023,3,2
1198,M,2023,3,2
1199,M,2023,3,1
1200,M,2023,2,1
1201,M,2023,3,1
1204,M,2023,2,1
1205,M,2023,4,2
1208,M,2023,4,1
1209,M,2023,4,2
1214,M,2023,4,1
1216,M,2023,2,2
1217,M,2023,4,1
1219,M,2023,3,2
1221,M,2023,2,1
1222,M,2023,3,1
1223,M,2023,2,1
1224,M,2023,3,1
1225,M,2023,2,1
1228,M,2023,4,1
1229,M,2023,2,1
1231,M,2023,2,1
1234,M,2023,3,1
1236,M,2023,3,1
1238,M,2023,2,2
1239,M,2023,4,1
1241,M,2023,3,1
1243,M,2023,3,2
1246,M,2023,3,2
1248,M,2023,4,4
1252,M,2023,3,1
1254,M,2023,4,2
1255,M,2023,3,2
1257,M,2023,3,2
1258,M,2023,3,2
1261,M,2023,4,1
1263,M,2023,3,2
1264,M,2023,2,1
1265,M,2023,3,3
1267,M,2023,4,2
1269,M,2023,3,1
1270,M,2023,2,1
1273,M,2023,3,1
1277,M,2023,3,1
1278,M,2023,4,2
1280,M,2023,3,1
1283,M,2023,2,1
1286,M,2023,4,1
1288,M,2023,4,3
1291,M,2023,4,3
1293,M,2023,4,4
1294,M,2023,3,1
1296,M,2023,2,2
1298,M,2023,3,1
1300,M,2023,3,3
1301,M,2023,4,2
1304,M,2023,3,1
1305,M,2023,3,3
1307,M,2023,2,1
1309,M,2023,4,1
1312,M,2023,4,4
1314,M,2023,3,1
1317,M,2023,2,2
1320,M,2023,5,3
1322,M,2023,2,1
1323,M,2023,3,2
1325,M,2023,2,2
1330,M,2023,4,2
1331,M,2023,2,2
1333,M,2023,2,2
1340,M,2023,2,2
1341,M,2023,4,2
1348,M,2023,3,2
1351,M,2023,2,2
1356,M,2023,3,2
1357,M,2023,3,2
1364,M,2023,2,1
1366,M,2023,2,1
1367,M,2023,3,3
1369,M,2023,2,2
1372,M,2023,2,2
1373,M,2023,3,2
1376,M,2023,3,2
1377,M,2023,2,2
1380,M,2023,2,1
1381,M,2023,2,2
1386,M,2023,2,1
1388,M,2023,2,1
1393,M,2023,4,3
1395,M,2023,4,2
1399,M,2023,2,2
1401,M,2023,3,3
1403,M,2023,3,1
1406,M,2023,2,2
1409,M,2023,2,2
1411,M,2023,2,1
1414,M,2023,2,2
1419,M,2023,3,1
1425,M,2023,3,3
1426,M,2023,3,2
1429,M,2023,2,2
1433,M,2023,2,2
1434,M,2023,2,2
1435,M,2023,2,2
1437,M,2023,3,3
1439,M,2023,5,2
1441,M,2023,2,2
1520,M,2023,2,1
1522,M,2023,2,1
1525,M,2023,2,1
1526,M,2023,2,1
1529,M,2023,2,1
1530,M,2023,3,2
1533,M,2023,2,2
1534,M,2023,2,1
1536,M,2023,3,1
1539,M,2023,3,2
1543,M,2023,4,1
1546,M,2023,2,2
1548,M,2023,4,1
1551,M,2023,2,1
1552,M,2023,3,1
1554,M,2023,3,1
1558,M,2023,3,2
1567,M,2023,4,1
1575,M,2023,3,1
1576,M,2023,2,1
1578,M,2023,3,1
1581,M,2023,2,2
1583,M,2023,2,2
1584,M,2023,2,2
1587,M,2023,4,4
1589,M,2023,2,2
1592,M,2023,4,4
1594,M,2023,3,1
1595,M,2023,2,2
1597,M,2023,2,1
1598,M,2023,2,1
1599,M,2023,2,2
1602,M,2023,2,1
1604,M,2023,2,1
1605,M,2023,3,3
1606,M,2023,2,2
1608,M,2023,2,2
1609,M,2023,2,2
1611,M,2023,2,2
1612,M,2023,3,2
1615,M,2023,2,2
1623,M,2023,3,2
1625,M,2023,4,3
1628,M,2023,2,2
1630,M,2023,2,2
1631,M,2023,3,2
1632,M,2023,2,2
1635,M,2023,3,3
1636,M,2023,2,1
1638,M,2023,3,2
1639,M,2023,3,2
1641,M,2023,3,2
1643,M,2023,3,3
1646,M,2023,2,2
1647,M,2023,2,2
1649,M,2023,2,2
1650,M,2023,3,2
1651,M,2023,4,3
1652,M,2023,4,3
1653,M,2023,4,2
1654,M,2023,3,2
1655,M,2023,4,3
1656,M,2023,4,3
1657,M,2023,3,2
1658,M,2023,3,2
1660,M,2023,3,3
1661,M,2023,2,2
1663,M,2023,3,2
1664,M,2023,3,3
1665,M,2023,2,2
1666,M,2023,2,1
1692,M,2023,3,1
1693,M,2023,3,1
1694,M,2023,2,1
1695,M,2023,2,1
1696,M,2023,3,2
1697,M,2023,3,2
1699,M,2023,3,1
1700,M,2023,2,1
1701,M,2023,2,1
1702,M,2023,3,3
1703,M,2023,3,2
1704,M,2023,2,1
1705,M,2023,2,1
1712,M,2023,2,2
1714,M,2023,3,3
1715,M,2023,3,3
1716,M,2023,2,1
1718,M,2023,3,2
1719,M,2023,2,2
1720,M,2023,2,2
1722,M,2023,2,2
1809,M,2023,4,1
1810,M,2023,2,1
1811,M,2023,3,1
1812,M,2023,2,1
1813,M,2023,2,1
1814,M,2023,3,2
1815,M,2023,3,1
1816,M,2023,2,1
1817,M,2023,3,1
1818,M,2023,3,1
1819,M,2023,4,2
1822,M,2023,4,2
1823,M,2023,3,1
1824,M,2023,2,1
1825,M,2023,2,1
1826,M,2023,3,1
1827,M,2023,4,3
1828,M,2023,3,1
1829,M,2023,2,2
1831,M,2023,2,1
1832,M,2023,4,3
1834,M,2023,3,2
1835,M,2023,4,3
1836,M,2023,3,1
1837,M,2023,2,1
1838,M,2023,3,3
1839,M,2023,4,1
1841,M,2023,4,2
1843,M,2023,2,1
1844,M,2023,2,2
1846,M,2023,2,1
1847,M,2023,4,4
1848,M,2023,2,2
1849,M,2023,4,2
1850,M,2023,2,1
1851,M,2023,3,1
1852,M,2023,2,1
1853,M,2023,2,1
1855,M,2023,4,2
1856,M,2023,4,4
1857,M,2023,2,2
1858,M,2023,3,1
1861,M,2023,2,1
1863,M,2023,4,4
1864,M,2023,2,1
1865,M,2023,3,3
1866,M,2023,2,2
1867,M,2023,3,1
1868,M,2023,3,2
1869,M,2023,3,1
1870,M,2023,3,1
1871,M,2023,2,1
1873,M,2023,3,1
1874,M,2023,2,1
1875,M,2023,3,2
1876,M,2023,3,2
1877,M,2023,4,2
1878,M,2023,3,1
1879,M,2023,2,2
1880,M,2023,4,1
1881,M,2023,3,2
1882,M,2023,3,2
1883,M,2023,4,3
1884,M,2023,2,1
1886,M,2023,4,4
1887,M,2023,2,2
1888,M,2023,2,2
1889,M,2023,3,1
1890,M,2023,2,2
1891,M,2023,2,2
1892,M,2023,3,1
1894,M,2023,3,3
1895,M,2023,3,3
1896,M,2023,2,1
1899,M,2023,3,3
1900,M,2023,3,2
1901,M,2023,3,2
1905,M,2023,4,4
1906,M,2023,3,1
1907,M,2023,2,2
1908,M,2023,3,2
1910,M,2023,2,2
1911,M,2023,2,2
1912,M,2023,2,1
1914,M,2023,3,3
1917,M,2023,3,2
1919,M,2023,4,3
1920,M,2023,3,2
1922,M,2023,2,2
1989,M,2023,3,3
1990,M,2023,3,3
1991,M,2023,3,3
1992,M,2023,2,2
1993,M,2023,3,3
1994,M,2023,2,1
1995,M,2023,2,1
1996,M,2023,3,3
1997,M,2023,3,2
1998,M,2023,3,3
1999,M,2023,3,2
2000,M,2023,3,1
2001,M,2023,2,2
2002,M,2023,3,2
2003,M,2023,2,2
2004,M,2023,3,1
2005,M,2023,3,2
2006,M,2023,3,3
2007,M,2023,2,2
2008,M,2023,3,2
2009,M,2023,2,2
2011,M,2023,3,3
2013,M,2023,2,2
2014,M,2023,2,2
2019,M,2023,2,2
2020,M,2023,3,3
2021,M,2023,2,2
2022,M,2023,3,3
2023,M,2023,3,3
2029,M,2023,3,1
2031,M,2023,2,1
2032,M,2023,3,2
2033,M,2023,2,2
2034,M,2023,3,2
2035,M,2023,2,2
2037,M,2023,2,2
2038,M,2023,2,1
2040,M,2023,2,1
2041,M,2023,2,2
2042,M,2023,2,2
2043,M,2023,2,2
2044,M,2023,3,3
2045,M,2023,2,2
2051,M,2023,3,3
2053,M,2023,2,2
2054,M,2023,3,1
2057,M,2023,2,2
2059,M,2023,2,2
2065,M,2023,2,2
2067,M,2023,2,2
2069,M,2023,2,1
2071,M,2023,2,1
2108,M,2023,3,3
2110,M,2023,2,2
2112,M,2023,2,2
2113,M,2023,3,3
2114,M,2023,2,2
2115,M,2023,2,1
2116,M,2023,3,3
2117,M,2023,2,1
2119,M,2023,2,1
2122,M,2023,3,3
2123,M,2023,3,1
2127,M,2023,3,3
2128,M,2023,3,3
2129,M,2023,3,2
2132,M,2023,2,1
2134,M,2023,3,2
2138,M,2023,3,2
2140,M,2023,3,2
2141,M,2023,3,3
2142,M,2023,2,2
2144,M,2023,2,1
2157,M,2023,2,1
2159,M,2023,2,1
2168,M,2023,3,2
2169,M,2023,2,2
2170,M,2023,2,2
2171,M,2023,2,2
2172,M,2023,3,2
2173,M,2023,3,2
2174,M,2023,2,2
2175,M,2023,2,2
2176,M,2023,3,2
2177,M,2023,3,2
2179,M,2023,2,2
2180,M,2023,2,1
2181,M,2023,2,2
2182,M,2023,2,2
2184,M,2023,3,2
2193,M,2023,2,1
2194,M,2023,2,1
2195,M,2023,2,2
2199,M,2023,2,1
2200,M,2023,2,2
2201,M,2023,2,2
2202,M,2023,2,2
2210,M,2023,3,2
2213,M,2023,2,1
2214,M,2023,2,1
2215,M,2023,2,1
2218,M,2023,2,1
2219,M,2023,3,2
2220,M,2023,2,1
2223,M,2023,2,1
2235,M,2023,2,2
2236,M,2023,2,2
2258,M,2023,3,2
2259,M,2023,4,2
2260,M,2023,3,2
2261,M,2023,3,2
2263,M,2023,3,2
2264,M,2023,2,1
2265,M,2023,3,2
2267,M,2023,3,3
2268,M,2023,3,2
2269,M,2023,2,2
2270,M,2023,2,1
2272,M,2023,2,2
2273,M,2023,2,2
2275,M,2023,3,2
2276,M,2023,3,2
2277,M,2023,2,1
2279,M,2023,3,2
2283,M,2023,2,1
2284,M,2023,2,2
2285,M,2023,2,2
2288,M,2023,2,1
2289,M,2023,3,2
2343,M,2023,2,2
2344,M,2023,2,2
2345,M,2023,3,3
2347,M,2023,2,1
2348,M,2023,2,2
2349,M,2023,2,2
2350,M,2023,2,2
2351,M,2023,2,2
2352,M,2023,2,2
2353,M,2023,2,1
2354,M,2023,3,1
2361,M,2023,2,2
2363,M,2023,2,2
2365,M,2023,2,1
2366,M,2023,3,3
2367,M,2023,2,2
2368,M,2023,2,2
2369,M,2023,2,2
2370,M,2023,2,2
2371,M,2023,2,2
2373,M,2023,3,2
2375,M,2023,2,2
2437,M,2023,2,1
2438,M,2023,3,1
2439,M,2023,2,1
2440,M,2023,2,1
2441,M,2023,2,1
2442,M,2023,2,1
2443,M,2023,3,1
2445,M,2023,2,1
2447,M,2023,3,1
2448,M,2023,2,1
2449,M,2023,3,1
2450,M,2023,2,1
2453,M,2023,3,1
2454,M,2023,3,3
2455,M,2023,3,1
2456,M,2023,3,3
2459,M,2023,3,1
2460,M,2023,3,1
2463,M,2023,3,1
2464,M,2023,3,1
2465,M,2023,2,1
2466,M,2023,3,1
2467,M,2023,3,1
2468,M,2023,3,1
2469,M,2023,3,1
2470,M,2023,2,1
2471,M,2023,3,3
2473,M,2023,2,1
2474,M,2023,3,1
2476,M,2023,3,2
2478,M,2023,3,1
2481,M,2023,3,1
2482,M,2023,2,1
2484,M,2023,3,2
2487,M,2023,3,1
2489,M,2023,2,1
2491,M,2023,2,1
2492,M,2023,2,2
2493,M,2023,2,2
2495,M,2023,2,1
2496,M,2023,3,1
2497,M,2023,3,3
2542,M,2023,2,2
2543,M,2023,2,2
2544,M,2023,2,2
2545,M,2023,2,2
2546,M,2023,2,2
2549,M,2023,2,2
2554,M,2023,2,1
2555,M,2023,2,2
2556,M,2023,2,2
2565,M,2023,2,1
2566,M,2023,2,2
2572,M,2023,2,2
2576,M,2023,2,2
2580,M,2023,2,2
2584,M,2023,2,2
2585,M,2023,2,2
2590,M,2023,2,2
2593,M,2023,2,1
2606,M,2023,2,1
2607,M,2023,2,2
2608,M,2023,2,2
2616,M,2023,2,1
2625,M,2023,2,1
2627,M,2023,2,2
2630,M,2023,2,2
2633,M,2023,2,2
2635,M,2023,2,2
2636,M,2023,2,1
2640,M,2023,2,2
2647,M,2023,2,2
2688,M,2023,2,1
2692,M,2023,2,1
2694,M,2023,2,2
2697,M,2023,2,1
2727,M,2023,2,1
2728,M,2023,2,1
2730,M,2023,2,1
2735,M,2023,2,1
2738,M,2023,2,1
2742,M,2023,2,1
2743,M,2023,2,2
2745,M,2023,3,3
2749,M,2023,3,1
2750,M,2023,2,2
2752,M,2023,2,1
2753,M,2023,2,1
2770,M,2023,3,1
2779,M,2023,2,1
2780,M,2023,2,1
2782,M,2023,2,1
2796,M,2023,2,2
2822,M,2023,2,2
2851,M,2023,2,2
2852,M,2023,2,2
2853,M,2023,2,2
2854,M,2023,2,2
2855,M,2023,2,2
2857,M,2023,2,1
2859,M,2023,2,2
2860,M,2023,2,1
2863,M,2023,2,2
2868,M,2023,2,2
2869,M,2023,2,2
2871,M,2023,2,2
2874,M,2023,2,1
2875,M,2023,2,1
2876,M,2023,2,2
2880,M,2023,2,1
2882,M,2023,2,1
2885,M,2023,2,1
2895,M,2023,2,2
2896,M,2023,2,2
2899,M,2023,2,2
2900,M,2023,2,2
2905,M,2023,4,3
2906,M,2023,2,2
2994,M,2023,2,1
2995,M,2023,2,1
3011,M,2023,2,2
3014,M,2023,2,2
3015,M,2023,2,2
3016,M,2023,2,1
3017,M,2023,2,2
3021,M,2023,2,2
3024,M,2023,2,2
3052,M,2023,2,2
3053,M,2023,2,2
3054,M,2023,2,2
3056,M,2023,2,2
3057,M,2023,2,1
3058,M,2023,2,1
3064,M,2023,2,2
3066,M,2023,2,2
3079,M,2023,2,2
3083,M,2023,2,2
3085,M,2023,2,2
3089,M,2023,2,1
3094,M,2023,2,1
3325,M,2023,2,1
3386,M,2023,3,1
3388,M,2023,2,2
3390,M,2023,2,1
3393,M,2023,2,1
3402,M,2023,2,1
3405,M,2023,3,3
3406,M,2023,2,1
3407,M,2023,3,3
3409,M,2023,2,1
3456,M,2023,2,2
3828,M,2023,2,1
3859,M,2023,2,2
5050,M,2023,2,1
5297,M,2023,2,2
5708,M,2023,3,3
7694,M,2023,2,2
63,F,2023,4,2
64,F,2023,3,3
65,F,2023,3,3
66,F,2023,3,2
67,F,2023,2,2
68,F,2023,2,1
69,F,2023,4,3
70,F,2023,3,3
71,F,2023,3,2
74,F,2023,3,3
75,F,2023,2,2
79,F,2023,3,2
81,F,2023,4,3
82,F,2023,3,2
112,F,2023,2,2
230,F,2023,2,2
231,F,2023,3,2
232,F,2023,3,3
233,F,2023,3,3
234,F,2023,3,3
235,F,2023,3,3
236,F,2023,2,2
237,F,2023,3,3
238,F,2023,3,2
240,F,2023,3,3
241,F,2023,3,2
242,F,2023,2,2
246,F,2023,3,3
247,F,2023,3,3
253,F,2023,3,3
254,F,2023,2,2
255,F,2023,2,2
256,F,2023,5,5
258,F,2023,3,3
262,F,2023,3,3
263,F,2023,2,2
264,F,2023,3,2
265,F,2023,2,1
267,F,2023,2,2
268,F,2023,5,4
271,F,2023,3,2
273,F,2023,2,2
274,F,2023,3,3
275,F,2023,5,4
276,F,2023,2,2
282,F,2023,4,3
283,F,2023,4,1
284,F,2023,5,2
285,F,2023,5,2
286,F,2023,2,2
287,F,2023,3,3
289,F,2023,3,1
290,F,2023,2,2
291,F,2023,4,4
293,F,2023,2,2
294,F,2023,5,4
295,F,2023,2,2
297,F,2023,3,3
298,F,2023,3,2
299,F,2023,3,1
300,F,2023,3,1
301,F,2023,2,2
302,F,2023,2,2
303,F,2023,3,3
304,F,2023,4,4
305,F,2023,2,2
306,F,2023,2,2
307,F,2023,2,1
309,F,2023,4,4
355,F,2023,2,2
356,F,2023,2,1
357,F,2023,2,2
358,F,2023,2,2
362,F,2023,2,1
384,F,2023,2,2
386,F,2023,2,2
404,F,2023,4,4
406,F,2023,3,2
408,F,2023,4,2
409,F,2023,3,2
411,F,2023,2,2
412,F,2023,3,3
413,F,2023,2,1
442,F,2023,2,1
443,F,2023,2,2
445,F,2023,3,2
448,F,2023,3,3
449,F,2023,2,2
474,F,2023,3,3
476,F,2023,3,2
477,F,2023,2,1
479,F,2023,2,2
480,F,2023,3,2
481,F,2023,3,2
482,F,2023,2,1
483,F,2023,3,2
486,F,2023,2,1
489,F,2023,2,1
490,F,2023,3,1
497,F,2023,3,3
498,F,2023,2,2
567,F,2023,2,2
568,F,2023,3,2
569,F,2023,3,2
570,F,2023,3,3
571,F,2023,2,2
572,F,2023,3,2
573,F,2023,3,2
574,F,2023,3,2
575,F,2023,3,2
576,F,2023,2,1
577,F,2023,3,3
578,F,2023,2,2
579,F,2023,2,2
580,F,2023,3,3
581,F,2023,3,3
582,F,2023,3,3
583,F,2023,2,2
584,F,2023,2,2
586,F,2023,3,3
587,F,2023,2,2
588,F,2023,2,2
589,F,2023,2,2
590,F,2023,4,3
591,F,2023,4,3
594,F,2023,2,2
598,F,2023,2,2
599,F,2023,2,2
600,F,2023,2,2
601,F,2023,2,2
603,F,2023,2,2
604,F,2023,2,2
606,F,2023,2,2
607,F,2023,2,2
612,F,2023,2,2
613,F,2023,3,2
615,F,2023,3,2
616,F,2023,3,3
617,F,2023,3,3
618,F,2023,2,1
620,F,2023,3,3
621,F,2023,3,3
622,F,2023,2,1
623,F,2023,2,2
624,F,2023,3,3
625,F,2023,2,2
626,F,2023,3,3
627,F,2023,3,3
630,F,2023,2,2
632,F,2023,3,3
634,F,2023,2,2
635,F,2023,3,2
636,F,2023,2,2
638,F,2023,3,3
639,F,2023,2,2
642,F,2023,2,2
643,F,2023,4,3
644,F,2023,2,2
645,F,2023,2,2
646,F,2023,4,3
647,F,2023,3,3
648,F,2023,2,2
649,F,2023,2,2
650,F,2023,2,2
652,F,2023,3,3
655,F,2023,3,2
658,F,2023,3,2
661,F,2023,3,2
665,F,2023,2,1
807,F,2023,3,3
809,F,2023,3,2
810,F,2023,3,2
811,F,2023,3,2
813,F,2023,3,2
816,F,2023,2,2
817,F,2023,3,2
820,F,2023,4,2
822,F,2023,3,2
823,F,2023,2,2
824,F,2023,2,2
825,F,2023,2,2
826,F,2023,3,3
829,F,2023,4,2
831,F,2023,3,3
833,F,2023,3,2
836,F,2023,2,2
839,F,2023,3,2
841,F,2023,3,1
844,F,2023,3,2
846,F,2023,3,2
848,F,2023,2,1
850,F,2023,2,2
852,F,2023,2,2
853,F,2023,2,2
855,F,2023,3,2
860,F,2023,3,3
861,F,2023,2,2
862,F,2023,2,2
971,F,2023,2,1
976,F,2023,2,2
979,F,2023,2,2
991,F,2023,4,2
992,F,2023,3,1
994,F,2023,3,3
996,F,2023,4,2
998,F,2023,2,2
1000,F,2023,2,2
1004,F,2023,3,2
1008,F,2023,4,4
1011,F,2023,3,1
1012,F,2023,2,1
1015,F,2023,3,1
1016,F,2023,3,2
1018,F,2023,3,3
1021,F,2023,2,1
1023,F,2023,5,5
1024,F,2023,4,2
1026,F,2023,2,1
1028,F,2023,3,3
1032,F,2023,4,2
1034,F,2023,2,1
1035,F,2023,2,1
1037,F,2023,4,2
1039,F,2023,2,1
1043,F,2023,2,1
1044,F,2023,3,2
1046,F,2023,3,3
1048,F,2023,2,1
1050,F,2023,3,3
1053,F,2023,4,2
1054,F,2023,3,1
1057,F,2023,3,1
1058,F,2023,2,1
1061,F,2023,4,2
1063,F,2023,3,3
1066,F,2023,2,1
1067,F,2023,2,1
1070,F,2023,4,2
1073,F,2023,3,1
1075,F,2023,4,2
1079,F,2023,2,2
1081,F,2023,3,3
1083,F,2023,2,2
1084,F,2023,2,1
1086,F,2023,2,1
1091,F,2023,2,2
1095,F,2023,3,3
1096,F,2023,4,3
1098,F,2023,2,2
1101,F,2023,3,3
1104,F,2023,2,2
1108,F,2023,2,1
1110,F,2023,2,2
1111,F,2023,2,2
1113,F,2023,3,3
1116,F,2023,3,2
1122,F,2023,2,2
1124,F,2023,3,2
1128,F,2023,3,3
1130,F,2023,3,3
1134,F,2023,2,1
1136,F,2023,3,2
1138,F,2023,4,2
1142,F,2023,3,2
1145,F,2023,3,1
1149,F,2023,2,1
1153,F,2023,3,3
1155,F,2023,3,3
1156,F,2023,2,2
1158,F,2023,2,2
1161,F,2023,2,2
1163,F,2023,2,2
1449,F,2023,2,2
1450,F,2023,2,1
1466,F,2023,2,2
1488,F,2023,2,2
1491,F,2023,2,1
1492,F,2023,2,1
1512,F,2023,2,2
1514,F,2023,2,1
1617,F,2023,4,3
1618,F,2023,2,2
1619,F,2023,2,2
1620,F,2023,2,2
1621,F,2023,3,3
1667,F,2023,4,4
1671,F,2023,4,4
1673,F,2023,2,2
1674,F,2023,4,4
1675,F,2023,3,1
1676,F,2023,3,1
1677,F,2023,2,2
1678,F,2023,3,1
1679,F,2023,3,1
1680,F,2023,3,3
1681,F,2023,2,1
1682,F,2023,2,1
1683,F,2023,2,2
1684,F,2023,2,1
1685,F,2023,2,1
1686,F,2023,2,2
1687,F,2023,3,3
1690,F,2023,2,2
1724,F,2023,3,1
1726,F,2023,2,1
1728,F,2023,2,2
1729,F,2023,2,1
1732,F,2023,3,1
1733,F,2023,2,1
1734,F,2023,2,2
1735,F,2023,2,2
1736,F,2023,2,2
1738,F,2023,2,2
1739,F,2023,2,2
1740,F,2023,2,2
1741,F,2023,3,1
1744,F,2023,2,2
1746,F,2023,2,1
1750,F,2023,2,1
1751,F,2023,3,1
1752,F,2023,2,1
1754,F,2023,2,1
1756,F,2023,2,2
1757,F,2023,2,1
1759,F,2023,3,1
1760,F,2023,2,2
1762,F,2023,2,2
1763,F,2023,2,2
1765,F,2023,3,1
1767,F,2023,3,1
1769,F,2023,3,1
1771,F,2023,2,2
1776,F,2023,2,2
1777,F,2023,3,1
1781,F,2023,2,1
1782,F,2023,2,2
1783,F,2023,3,2
1791,F,2023,3,3
1795,F,2023,3,2
1796,F,2023,3,1
1797,F,2023,2,2
1798,F,2023,2,2
1799,F,2023,2,1
1800,F,2023,2,2
1804,F,2023,3,2
1926,F,2023,3,1
1928,F,2023,2,1
1929,F,2023,3,2
1930,F,2023,3,3
1931,F,2023,3,3
1932,F,2023,2,1
1933,F,2023,3,3
1934,F,2023,3,2
1935,F,2023,3,2
1936,F,2023,3,3
1937,F,2023,3,1
1939,F,2023,3,1
1942,F,2023,3,2
1943,F,2023,3,2
1946,F,2023,3,3
1947,F,2023,3,1
1948,F,2023,3,3
1949,F,2023,3,2
1950,F,2023,2,1
1951,F,2023,2,2
1952,F,2023,3,3
1953,F,2023,3,3
1954,F,2023,3,1
1955,F,2023,2,2
1956,F,2023,2,2
1960,F,2023,2,1
1961,F,2023,3,1
1962,F,2023,3,2
1963,F,2023,2,2
1965,F,2023,3,2
1967,F,2023,2,2
1968,F,2023,2,2
1971,F,2023,3,2
1972,F,2023,2,1
1973,F,2023,2,2
1975,F,2023,3,2
1976,F,2023,2,2
1979,F,2023,2,2
1981,F,2023,2,2
1983,F,2023,3,2
1985,F,2023,2,2
1986,F,2023,2,2
1987,F,2023,3,2
2061,F,2023,3,3
2062,F,2023,3,3
2064,F,2023,2,2
2073,F,2023,2,1
2074,F,2023,2,1
2075,F,2023,2,2
2079,F,2023,2,1
2082,F,2023,2,2
2083,F,2023,2,1
2093,F,2023,2,1
2094,F,2023,3,1
2096,F,2023,3,1
2097,F,2023,2,1
2106,F,2023,2,2
2160,F,2023,2,2
2161,F,2023,2,2
2165,F,2023,2,2
2187,F,2023,2,2
2203,F,2023,2,2
2205,F,2023,2,2
2207,F,2023,2,2
2238,F,2023,4,4
2239,F,2023,3,3
2240,F,2023,3,3
2241,F,2023,3,3
2244,F,2023,2,2
2246,F,2023,2,2
2247,F,2023,2,2
2251,F,2023,2,2
2252,F,2023,2,2
2257,F,2023,2,2
2321,F,2023,2,2
2322,F,2023,2,1
2324,F,2023,2,2
2326,F,2023,2,2
2327,F,2023,3,3
2328,F,2023,2,2
2329,F,2023,2,2
2330,F,2023,2,1
2333,F,2023,2,2
2334,F,2023,2,2
2335,F,2023,2,2
2338,F,2023,2,1
2339,F,2023,2,2
2340,F,2023,2,2
2342,F,2023,3,3
2380,F,2023,2,2
2383,F,2023,3,2
2385,F,2023,2,2
2386,F,2023,2,1
2387,F,2023,3,2
2388,F,2023,2,2
2389,F,2023,2,2
2390,F,2023,3,3
2391,F,2023,2,1
2393,F,2023,3,1
2395,F,2023,2,1
2399,F,2023,2,1
2400,F,2023,2,1
2402,F,2023,3,1
2403,F,2023,2,2
2404,F,2023,3,3
2406,F,2023,3,3
2408,F,2023,3,3
2409,F,2023,3,2
2415,F,2023,2,2
2416,F,2023,2,2
2420,F,2023,2,2
2421,F,2023,3,1
2422,F,2023,2,1
2423,F,2023,2,1
2426,F,2023,2,2
2427,F,2023,2,2
2428,F,2023,2,1
2430,F,2023,3,1
2431,F,2023,2,2
2499,F,2023,2,2
2500,F,2023,2,2
2503,F,2023,2,2
2508,F,2023,2,1
2511,F,2023,2,2
2514,F,2023,2,2
2515,F,2023,2,1
2522,F,2023,2,1
2524,F,2023,2,1
2527,F,2023,2,1
2534,F,2023,2,2
2537,F,2023,2,1
2660,F,2023,2,2
2663,F,2023,2,2
2677,F,2023,2,2
2679,F,2023,2,2
2682,F,2023,2,2
2684,F,2023,2,2
2685,F,2023,2,2
2698,F,2023,2,1
2699,F,2023,2,1
2700,F,2023,2,1
2705,F,2023,2,1
2709,F,2023,2,1
2712,F,2023,2,1
2772,F,2023,2,2
2773,F,2023,2,2
2824,F,2023,2,1
2825,F,2023,2,2
2830,F,2023,2,1
2832,F,2023,2,1
2833,F,2023,2,1
2836,F,2023,2,1
2837,F,2023,2,1
2838,F,2023,2,1
2841,F,2023,2,1
2842,F,2023,2,1
2850,F,2023,2,2
2891,F,2023,2,2
2892,F,2023,2,2
2934,F,2023,2,2
2996,F,2023,2,2
2999,F,2023,2,2
3000,F,2023,2,2
3002,F,2023,2,2
3003,F,2023,2,1
3006,F,2023,2,1
3008,F,2023,2,2
3028,F,2023,2,2
3030,F,2023,2,1
3032,F,2023,2,2
3033,F,2023,2,2
3035,F,2023,2,1
3036,F,2023,2,1
3037,F,2023,2,2
3038,F,2023,2,1
3041,F,2023,2,1
3359,F,2023,2,2
3360,F,2023,2,2
5264,F,2023,2,2
6285,F,2023,3,3
7289,F,2023,2,2
1,M,2024,3,2
2,M,2024,2,2
5,M,2024,2,1
6,M,2024,3,2
7,M,2024,6,4
8,M,2024,3,3
10,M,2024,3,1
15,M,2024,2,2
16,M,2024,3,2
18,M,2024,3,3
19,M,2024,5,4
21,M,2024,2,2
26,M,2024,2,1
27,M,2024,2,2
31,M,2024,2,1
35,M,2024,3,2
38,M,2024,2,2
42,M,2024,2,1
50,M,2024,2,2
52,M,2024,2,1
58,M,2024,3,2
89,M,2024,2,1
90,M,2024,4,2
91,M,2024,4,3
93,M,2024,4,3
95,M,2024,3,3
99,M,2024,3,2
106,M,2024,4,4
108,M,2024,4,4
115,M,2024,3,2
119,M,2024,2,1
120,M,2024,3,2
123,M,2024,4,3
124,M,2024,2,2
127,M,2024,4,3
128,M,2024,4,3
129,M,2024,3,3
134,M,2024,3,3
135,M,2024,2,2
140,M,2024,2,2
142,M,2024,3,2
145,M,2024,2,1
146,M,2024,2,2
147,M,2024,2,2
150,M,2024,3,3
153,M,2024,3,3
156,M,2024,3,2
158,M,2024,2,2
160,M,2024,3,3
161,M,2024,2,2
162,M,2024,2,2
164,M,2024,2,2
166,M,2024,2,2
170,M,2024,3,3
177,M,2024,3,3
179,M,2024,2,2
181,M,2024,3,2
182,M,2024,2,2
188,M,2024,3,3
192,M,2024,3,3
217,M,2024,2,2
221,M,2024,3,3
225,M,2024,2,1
228,M,2024,2,2
310,M,2024,4,2
323,M,2024,2,1
327,M,2024,4,4
333,M,2024,3,3
334,M,2024,3,3
335,M,2024,2,2
344,M,2024,3,2
345,M,2024,2,2
346,M,2024,3,1
353,M,2024,3,3
363,M,2024,2,2
364,M,2024,5,5
367,M,2024,4,3
368,M,2024,5,5
370,M,2024,5,4
371,M,2024,2,2
375,M,2024,5,4
393,M,2024,2,2
394,M,2024,2,1
414,M,2024,3,3
415,M,2024,2,2
417,M,2024,4,3
419,M,2024,3,2
420,M,2024,4,2
421,M,2024,3,3
426,M,2024,2,2
433,M,2024,3,3
435,M,2024,4,4
436,M,2024,2,2
437,M,2024,4,3
454,M,2024,4,2
458,M,2024,3,2
466,M,2024,3,2
467,M,2024,4,4
471,M,2024,2,2
504,M,2024,3,3
506,M,2024,2,2
507,M,2024,3,3
508,M,2024,3,3
509,M,2024,3,3
512,M,2024,2,2
513,M,2024,3,3
515,M,2024,3,3
521,M,2024,3,3
523,M,2024,3,3
529,M,2024,2,2
530,M,2024,2,1
531,M,2024,2,1
532,M,2024,2,2
535,M,2024,2,2
548,M,2024,2,1
551,M,2024,2,2
552,M,2024,2,2
666,M,2024,3,1
667,M,2024,4,1
669,M,2024,4,4
671,M,2024,3,3
672,M,2024,2,1
673,M,2024,4,4
674,M,2024,4,4
675,M,2024,2,2
676,M,2024,4,4
677,M,2024,4,4
678,M,2024,3,2
680,M,2024,4,4
681,M,2024,2,2
683,M,2024,3,3
685,M,2024,3,2
689,M,2024,4,4
690,M,2024,2,2
691,M,2024,3,3
693,M,2024,2,2
694,M,2024,3,3
695,M,2024,3,3
696,M,2024,3,3
699,M,2024,3,3
700,M,2024,3,3
704,M,2024,4,4
705,M,2024,4,3
706,M,2024,3,3
708,M,2024,2,2
709,M,2024,2,2
710,M,2024,2,2
711,M,2024,2,1
712,M,2024,2,2
714,M,2024,3,3
717,M,2024,4,3
721,M,2024,2,2
730,M,2024,2,2
731,M,2024,3,3
732,M,2024,2,2
734,M,2024,3,3
735,M,2024,3,3
737,M,2024,3,3
740,M,2024,2,1
742,M,2024,4,4
743,M,2024,4,4
747,M,2024,2,2
752,M,2024,2,1
753,M,2024,3,3
758,M,2024,2,1
760,M,2024,2,2
761,M,2024,3,3
771,M,2024,2,2
772,M,2024,2,2
778,M,2024,3,3
781,M,2024,3,3
784,M,2024,2,2
786,M,2024,2,2
787,M,2024,2,1
790,M,2024,3,3
799,M,2024,2,2
801,M,2024,2,1
802,M,2024,2,2
866,M,2024,3,3
867,M,2024,4,4
868,M,2024,4,4
873,M,2024,4,4
874,M,2024,3,3
877,M,2024,3,3
879,M,2024,2,2
881,M,2024,4,4
882,M,2024,3,3
885,M,2024,2,2
887,M,2024,3,3
890,M,2024,4,4
891,M,2024,3,3
895,M,2024,4,2
900,M,2024,3,3
902,M,2024,3,3
910,M,2024,4,4
913,M,2024,2,2
919,M,2024,3,3
924,M,2024,4,4
926,M,2024,3,3
931,M,2024,4,4
936,M,2024,4,4
946,M,2024,2,2
951,M,2024,2,2
963,M,2024,3,2
964,M,2024,4,4
984,M,2024,2,2
1184,M,2024,3,1
1188,M,2024,4,4
1195,M,2024,4,4
1198,M,2024,3,3
1201,M,2024,2,1
1203,M,2024,2,2
1205,M,2024,4,2
1208,M,2024,3,1
1216,M,2024,4,2
1219,M,2024,2,1
1231,M,2024,2,1
1239,M,2024,3,1
1251,M,2024,2,2
1254,M,2024,4,2
1257,M,2024,3,2
1261,M,2024,2,1
1266,M,2024,4,4
1273,M,2024,4,3
1275,M,2024,4,4
1278,M,2024,4,2
1281,M,2024,2,1
1284,M,2024,3,3
1289,M,2024,3,2
1295,M,2024,2,2
1299,M,2024,2,2
1306,M,2024,5,5
1309,M,2024,4,2
1319,M,2024,2,2
1321,M,2024,3,3
1323,M,2024,2,2
1325,M,2024,2,2
1334,M,2024,2,1
1338,M,2024,3,2
1341,M,2024,4,1
1364,M,2024,3,3
1379,M,2024,2,2
1382,M,2024,3,2
1395,M,2024,4,2
1415,M,2024,3,3
1428,M,2024,2,2
1435,M,2024,2,2
1437,M,2024,3,3
1525,M,2024,2,2
1529,M,2024,2,2
1530,M,2024,4,4
1535,M,2024,4,4
1536,M,2024,2,1
1543,M,2024,2,2
1546,M,2024,2,2
1552,M,2024,3,3
1554,M,2024,2,1
1557,M,2024,3,3
1558,M,2024,4,4
1562,M,2024,3,3
1573,M,2024,2,2
1578,M,2024,3,3
1584,M,2024,4,3
1589,M,2024,3,3
1597,M,2024,2,2
1608,M,2024,2,2
1609,M,2024,4,4
1612,M,2024,4,4
1615,M,2024,3,3
1625,M,2024,5,4
1631,M,2024,5,4
1632,M,2024,5,5
1636,M,2024,2,1
1638,M,2024,5,5
1639,M,2024,4,4
1641,M,2024,3,3
1646,M,2024,3,3
1647,M,2024,4,4
1656,M,2024,5,4
1657,M,2024,4,3
1662,M,2024,3,3
1663,M,2024,4,3
1697,M,2024,4,4
1701,M,2024,2,1
1702,M,2024,2,2
1703,M,2024,3,2
1704,M,2024,3,3
1712,M,2024,3,3
1715,M,2024,3,3
1718,M,2024,3,2
1719,M,2024,2,2
1809,M,2024,4,4
1810,M,2024,4,4
1811,M,2024,2,1
1813,M,2024,2,2
1814,M,2024,4,3
1815,M,2024,2,1
1817,M,2024,5,5
1821,M,2024,2,1
1823,M,2024,2,2
1827,M,2024,4,4
1835,M,2024,4,4
1836,M,2024,2,2
1837,M,2024,4,4
1842,M,2024,2,1
1844,M,2024,4,4
1847,M,2024,3,3
1852,M,2024,3,2
1853,M,2024,2,2
1855,M,2024,3,1
1856,M,2024,3,3
1857,M,2024,2,2
1858,M,2024,3,1
1863,M,2024,4,4
1868,M,2024,2,1
1870,M,2024,2,2
1874,M,2024,2,2
1876,M,2024,4,3
1877,M,2024,4,2
1880,M,2024,2,1
1881,M,2024,2,2
1883,M,2024,4,1
1887,M,2024,2,2
1894,M,2024,3,3
1895,M,2024,2,2
1901,M,2024,4,4
1906,M,2024,4,3
1908,M,2024,3,3
1990,M,2024,4,3
1991,M,2024,2,1
1993,M,2024,3,3
1995,M,2024,4,2
1997,M,2024,3,2
2000,M,2024,2,2
2001,M,2024,3,2
2003,M,2024,2,2
2005,M,2024,3,3
2006,M,2024,2,1
2007,M,2024,3,1
2013,M,2024,4,3
2020,M,2024,3,2
2022,M,2024,4,2
2029,M,2024,3,3
2032,M,2024,2,2
2034,M,2024,2,2
2036,M,2024,2,1
2037,M,2024,2,2
2038,M,2024,2,1
2040,M,2024,2,2
2042,M,2024,2,2
2045,M,2024,2,1
2051,M,2024,2,1
2059,M,2024,4,3
2066,M,2024,4,4
2070,M,2024,3,3
2071,M,2024,2,2
2110,M,2024,2,2
2111,M,2024,3,2
2112,M,2024,3,3
2113,M,2024,2,2
2114,M,2024,3,3
2116,M,2024,3,3
2119,M,2024,2,2
2120,M,2024,3,2
2122,M,2024,2,2
2124,M,2024,4,4
2141,M,2024,4,4
2168,M,2024,2,2
2173,M,2024,4,4
2174,M,2024,2,1
2176,M,2024,4,3
2177,M,2024,4,4
2179,M,2024,2,1
2184,M,2024,3,3
2193,M,2024,2,1
2198,M,2024,3,2
2200,M,2024,2,1
2210,M,2024,2,2
2211,M,2024,2,1
2214,M,2024,3,2
2217,M,2024,3,2
2219,M,2024,2,2
2227,M,2024,2,1
2259,M,2024,4,3
2260,M,2024,3,2
2261,M,2024,3,2
2263,M,2024,2,2
2265,M,2024,2,2
2269,M,2024,4,4
2275,M,2024,3,2
2276,M,2024,3,3
2277,M,2024,2,2
2279,M,2024,4,3
2284,M,2024,3,2
2302,M,2024,2,2
2303,M,2024,4,4
2306,M,2024,4,2
2308,M,2024,3,3
2309,M,2024,2,2
2311,M,2024,2,1
2312,M,2024,2,2
2316,M,2024,2,2
2350,M,2024,2,2
2359,M,2024,3,3
2363,M,2024,2,2
2371,M,2024,2,2
2373,M,2024,4,4
2437,M,2024,4,4
2438,M,2024,4,4
2442,M,2024,3,3
2445,M,2024,3,3
2450,M,2024,4,4
2453,M,2024,3,3
2456,M,2024,4,4
2460,M,2024,2,2
2463,M,2024,4,4
2464,M,2024,3,3
2465,M,2024,2,2
2467,M,2024,4,4
2468,M,2024,3,3
2469,M,2024,4,4
2470,M,2024,2,2
2471,M,2024,3,3
2473,M,2024,3,3
2474,M,2024,3,3
2478,M,2024,4,4
2487,M,2024,2,2
2492,M,2024,4,4
2493,M,2024,3,3
2497,M,2024,2,2
2539,M,2024,3,3
2542,M,2024,3,3
2553,M,2024,2,2
2559,M,2024,3,3
2560,M,2024,2,1
2561,M,2024,2,2
2563,M,2024,3,3
2566,M,2024,2,2
2574,M,2024,2,1
2575,M,2024,2,2
2584,M,2024,4,4
2586,M,2024,2,2
2590,M,2024,2,1
2608,M,2024,2,1
2626,M,2024,2,2
2641,M,2024,2,2
2688,M,2024,3,3
2723,M,2024,3,3
2728,M,2024,2,2
2730,M,2024,3,3
2750,M,2024,3,3
2751,M,2024,3,3
2783,M,2024,4,4
2784,M,2024,2,2
2788,M,2024,5,4
2796,M,2024,3,3
2803,M,2024,3,3
2853,M,2024,4,3
2855,M,2024,4,2
2859,M,2024,2,1
2861,M,2024,3,1
2871,M,2024,2,2
2874,M,2024,3,3
2876,M,2024,3,1
2877,M,2024,3,2
2883,M,2024,3,2
2896,M,2024,2,2
2897,M,2024,2,2
2899,M,2024,4,4
2900,M,2024,4,4
2905,M,2024,2,2
2945,M,2024,3,2
2946,M,2024,4,3
2947,M,2024,2,1
2949,M,2024,2,1
2952,M,2024,3,1
2953,M,2024,2,1
2959,M,2024,3,3
2962,M,2024,2,2
2965,M,2024,2,2
2967,M,2024,2,1
2968,M,2024,2,2
2970,M,2024,3,3
2971,M,2024,2,2
2972,M,2024,2,1
2973,M,2024,2,2
2991,M,2024,2,2
2994,M,2024,3,2
3011,M,2024,3,3
3012,M,2024,3,3
3015,M,2024,2,2
3051,M,2024,2,2
3052,M,2024,2,1
3056,M,2024,2,2
3057,M,2024,2,2
3062,M,2024,2,2
3073,M,2024,3,1
3076,M,2024,3,3
3077,M,2024,2,2
3082,M,2024,2,2
3084,M,2024,3,3
3092,M,2024,3,3
3137,M,2024,2,2
3142,M,2024,2,2
3151,M,2024,2,2
3153,M,2024,3,3
3169,M,2024,4,3
3175,M,2024,4,3
3205,M,2024,2,2
3216,M,2024,4,4
3231,M,2024,3,3
3265,M,2024,2,2
3268,M,2024,2,2
3276,M,2024,2,2
3277,M,2024,2,2
3285,M,2024,2,2
3325,M,2024,2,2
3333,M,2024,2,2
3336,M,2024,3,3
3350,M,2024,3,3
3355,M,2024,2,1
3386,M,2024,4,2
3393,M,2024,3,1
3399,M,2024,3,3
3407,M,2024,2,2
3412,M,2024,3,2
3415,M,2024,3,3
3437,M,2024,2,2
3440,M,2024,2,2
3444,M,2024,2,2
3500,M,2024,2,2
3543,M,2024,4,4
3559,M,2024,3,3
3595,M,2024,2,1
3596,M,2024,2,2
3613,M,2024,3,3
3699,M,2024,3,3
3787,M,2024,3,1
3789,M,2024,3,2
3835,M,2024,2,2
3884,M,2024,4,3
3887,M,2024,4,2
3914,M,2024,2,2
4006,M,2024,2,1
4044,M,2024,2,2
4057,M,2024,2,1
4065,M,2024,2,2
4081,M,2024,3,3
4136,M,2024,2,2
4138,M,2024,2,2
4144,M,2024,2,2
4154,M,2024,3,2
4314,M,2024,2,2
4315,M,2024,3,3
4332,M,2024,3,3
4340,M,2024,2,1
4361,M,2024,2,2
4368,M,2024,2,2
4369,M,2024,2,2
4394,M,2024,2,1
4397,M,2024,2,2
4433,M,2024,3,3
4468,M,2024,2,2
4535,M,2024,2,2
4575,M,2024,2,2
4585,M,2024,3,3
4589,M,2024,2,2
4627,M,2024,2,1
4637,M,2024,3,3
4638,M,2024,2,2
4689,M,2024,2,2
4700,M,2024,3,3
4704,M,2024,2,1
4722,M,2024,2,2
4723,M,2024,2,2
4726,M,2024,2,2
4732,M,2024,3,3
4735,M,2024,3,3
4841,M,2024,3,2
4910,M,2024,4,2
4918,M,2024,3,2
4997,M,2024,2,2
4999,M,2024,2,2
5001,M,2024,2,2
5005,M,2024,2,2
5006,M,2024,3,3
5007,M,2024,2,1
5013,M,2024,4,4
5025,M,2024,3,3
5034,M,2024,2,1
5038,M,2024,3,2
5137,M,2024,2,1
5138,M,2024,2,2
5158,M,2024,4,3
5171,M,2024,4,4
5175,M,2024,3,1
5215,M,2024,2,2
5220,M,2024,4,3
5230,M,2024,4,4
5236,M,2024,2,2
5271,M,2024,2,2
5314,M,2024,2,2
5360,M,2024,2,2
5408,M,2024,3,3
5409,M,2024,2,2
5421,M,2024,4,4
5500,M,2024,4,3
5571,M,2024,4,4
5583,M,2024,2,2
5645,M,2024,4,3
5662,M,2024,2,2
5670,M,2024,2,1
5708,M,2024,4,4
5732,M,2024,3,3
5735,M,2024,4,4
5793,M,2024,2,2
5794,M,2024,2,1
6342,M,2024,2,2
6344,M,2024,2,2
6820,M,2024,4,3
6841,M,2024,2,1
6849,M,2024,2,2
6903,M,2024,4,4
7641,M,2024,2,2
7642,M,2024,2,1
7644,M,2024,2,2
7689,M,2024,2,1
7690,M,2024,4,4
7691,M,2024,4,4
7693,M,2024,3,3
7694,M,2024,2,1
7696,M,2024,4,4
7697,M,2024,4,4
7701,M,2024,2,2
7703,M,2024,2,2
7717,M,2024,4,2
7718,M,2024,4,1
7719,M,2024,4,4
7720,M,2024,3,2
7721,M,2024,3,3
7722,M,2024,2,2
7724,M,2024,3,3
7725,M,2024,2,2
7726,M,2024,2,2
7729,M,2024,2,2
7732,M,2024,2,2
7734,M,2024,2,2
7736,M,2024,2,2
7744,M,2024,2,2
7949,M,2024,3,3
7958,M,2024,2,1
7959,M,2024,2,1
7961,M,2024,2,1
7964,M,2024,2,1
7965,M,2024,3,3
7975,M,2024,4,3
7976,M,2024,4,3
7978,M,2024,2,2
7981,M,2024,3,2
7982,M,2024,4,3
7983,M,2024,4,3
7985,M,2024,2,2
8001,M,2024,4,4
8002,M,2024,4,4
8003,M,2024,4,4
8004,M,2024,4,4
8005,M,2024,3,2
8007,M,2024,2,2
8009,M,2024,3,1
8010,M,2024,2,1
8011,M,2024,2,2
8013,M,2024,3,2
8014,M,2024,4,3
8019,M,2024,4,4
8022,M,2024,4,3
8023,M,2024,2,2
8037,M,2024,3,2
8038,M,2024,3,3
8041,M,2024,4,3
8046,M,2024,3,3
8047,M,2024,2,1
8048,M,2024,2,2
8050,M,2024,2,1
8051,M,2024,2,2
8052,M,2024,2,1
8054,M,2024,2,2
8056,M,2024,4,3
8057,M,2024,2,2
8058,M,2024,2,2
8059,M,2024,2,2
8060,M,2024,2,2
8061,M,2024,3,3
8062,M,2024,2,2
8064,M,2024,3,3
8065,M,2024,4,3
8067,M,2024,3,2
8068,M,2024,2,2
8069,M,2024,3,2
8071,M,2024,2,1
8073,M,2024,2,2
8074,M,2024,3,3
8075,M,2024,2,2
8077,M,2024,2,2
8079,M,2024,2,2
8081,M,2024,2,2
8084,M,2024,3,2
8085,M,2024,3,2
8087,M,2024,2,2
8095,M,2024,4,3
8097,M,2024,2,2
8099,M,2024,2,2
8108,M,2024,4,4
8146,M,2024,3,2
10999,M,2024,3,3
11300,M,2024,2,2
11301,M,2024,3,3
11302,M,2024,4,3
11303,M,2024,3,2
11304,M,2024,2,2
11305,M,2024,3,2
11306,M,2024,3,2
11307,M,2024,3,3
11308,M,2024,3,3
11309,M,2024,3,2
11310,M,2024,3,3
11312,M,2024,2,2
11315,M,2024,4,4
11316,M,2024,3,2
11317,M,2024,2,1
11319,M,2024,3,2
11322,M,2024,4,3
11323,M,2024,3,2
11324,M,2024,2,2
11325,M,2024,4,2
11328,M,2024,2,2
11330,M,2024,2,2
11354,M,2024,2,2
11355,M,2024,2,2
11357,M,2024,2,2
11358,M,2024,3,2
11359,M,2024,2,2
11366,M,2024,2,1
11367,M,2024,3,3
11370,M,2024,4,4
11371,M,2024,4,4
11372,M,2024,4,4
11374,M,2024,2,2
11379,M,2024,3,2
11380,M,2024,4,3
11381,M,2024,4,4
11382,M,2024,3,1
11383,M,2024,4,1
11384,M,2024,2,2
11385,M,2024,4,4
11386,M,2024,3,1
11387,M,2024,2,1
11388,M,2024,2,1
11389,M,2024,3,2
11390,M,2024,5,3
11392,M,2024,2,2
11394,M,2024,2,2
11395,M,2024,3,3
11396,M,2024,2,2
11397,M,2024,2,1
11399,M,2024,3,3
11400,M,2024,4,4
11401,M,2024,2,1
11402,M,2024,2,2
11405,M,2024,2,2
11406,M,2024,2,1
11408,M,2024,3,3
11413,M,2024,2,2
11417,M,2024,2,2
11419,M,2024,4,4
11421,M,2024,3,3
11422,M,2024,2,2
11480,M,2024,3,3
11481,M,2024,3,2
11483,M,2024,3,3
11484,M,2024,3,3
11485,M,2024,3,3
11486,M,2024,2,2
11488,M,2024,3,3
11490,M,2024,3,3
11491,M,2024,2,2
11493,M,2024,2,2
11494,M,2024,2,2
11495,M,2024,3,3
11498,M,2024,2,2
11501,M,2024,2,1
11502,M,2024,2,2
11503,M,2024,3,3
11506,M,2024,2,2
11507,M,2024,2,2
11508,M,2024,2,2
11511,M,2024,3,2
11512,M,2024,3,3
11516,M,2024,2,1
11520,M,2024,3,1
11524,M,2024,2,1
11525,M,2024,3,3
11528,M,2024,2,2
16112,M,2024,2,1
16113,M,2024,2,1
16114,M,2024,3,3
16115,M,2024,2,2
16117,M,2024,2,2
16118,M,2024,4,4
16119,M,2024,4,4
16120,M,2024,2,2
16122,M,2024,2,1
16123,M,2024,3,3
16124,M,2024,3,3
16126,M,2024,2,2
16129,M,2024,2,1
16130,M,2024,2,2
16131,M,2024,2,2
16132,M,2024,2,2
16133,M,2024,4,4
16134,M,2024,2,2
16135,M,2024,2,2
16139,M,2024,2,2
16140,M,2024,2,2
16141,M,2024,3,3
16142,M,2024,2,2
16143,M,2024,2,2
16146,M,2024,2,2
16147,M,2024,2,2
16148,M,2024,2,1
18115,M,2024,3,3
18131,M,2024,2,2
18555,M,2024,2,2
18559,M,2024,3,3
18561,M,2024,4,4
18562,M,2024,4,4
18563,M,2024,3,3
18564,M,2024,2,2
18565,M,2024,3,3
18566,M,2024,3,3
18568,M,2024,2,2
18569,M,2024,3,3
18570,M,2024,3,1
18571,M,2024,3,3
18572,M,2024,2,2
18573,M,2024,2,2
18574,M,2024,2,2
18575,M,2024,2,2
18576,M,2024,2,2
18577,M,2024,3,3
18578,M,2024,3,3
18579,M,2024,3,3
18581,M,2024,3,3
18583,M,2024,3,3
18585,M,2024,3,3
18586,M,2024,2,2
18590,M,2024,3,3
18592,M,2024,2,2
18710,M,2024,3,3
18724,M,2024,3,1
18728,M,2024,3,1
18730,M,2024,2,1
18731,M,2024,4,4
18732,M,2024,2,2
18734,M,2024,2,2
18736,M,2024,3,2
18742,M,2024,3,3
18744,M,2024,3,3
18745,M,2024,3,3
18746,M,2024,2,2
18747,M,2024,4,4
18748,M,2024,4,4
18750,M,2024,2,2
18751,M,2024,2,1
18769,M,2024,3,3
18771,M,2024,3,2
18772,M,2024,4,4
18773,M,2024,2,2
18774,M,2024,3,2
18780,M,2024,4,3
18781,M,2024,4,4
18784,M,2024,2,2
18786,M,2024,3,2
18787,M,2024,2,1
18788,M,2024,2,1
18789,M,2024,2,1
18790,M,2024,2,2
18791,M,2024,2,2
18865,M,2024,2,2
18867,M,2024,2,2
18869,M,2024,4,4
18870,M,2024,3,3
18871,M,2024,3,1
18872,M,2024,2,2
18873,M,2024,2,2
18874,M,2024,4,1
18875,M,2024,2,2
18876,M,2024,3,2
18877,M,2024,4,4
18878,M,2024,3,3
18879,M,2024,3,1
18882,M,2024,2,2
18883,M,2024,2,2
18884,M,2024,2,2
18885,M,2024,2,1
18887,M,2024,2,2
18888,M,2024,3,1
18889,M,2024,2,2
18892,M,2024,2,1
18893,M,2024,2,1
18894,M,2024,3,3
18895,M,2024,4,4
18897,M,2024,2,1
18898,M,2024,2,1
18899,M,2024,3,3
18900,M,2024,2,2
18904,M,2024,2,2
18910,M,2024,3,3
18915,M,2024,2,2
18919,M,2024,2,2
18961,M,2024,3,2
18963,M,2024,3,2
18964,M,2024,3,3
18965,M,2024,3,3
18967,M,2024,2,2
18968,M,2024,3,2
18969,M,2024,3,2
18970,M,2024,2,1
18971,M,2024,4,4
18973,M,2024,2,2
18974,M,2024,2,2
18975,M,2024,3,3
18976,M,2024,2,2
18977,M,2024,4,4
18979,M,2024,3,3
18980,M,2024,2,2
18986,M,2024,2,2
18988,M,2024,3,3
18989,M,2024,2,2
18990,M,2024,3,3
18991,M,2024,2,2
18992,M,2024,3,3
18993,M,2024,2,2
18994,M,2024,3,2
18997,M,2024,2,2
19000,M,2024,2,2
19001,M,2024,3,3
19002,M,2024,4,4
19005,M,2024,2,1
19006,M,2024,4,3
19007,M,2024,3,3
19010,M,2024,2,2
19011,M,2024,2,2
19012,M,2024,3,3
19013,M,2024,4,4
19014,M,2024,2,2
19015,M,2024,2,2
19016,M,2024,2,2
19018,M,2024,2,2
19362,M,2024,3,3
19363,M,2024,2,2
19364,M,2024,3,1
19365,M,2024,2,2
19378,M,2024,2,1
19380,M,2024,2,2
19381,M,2024,3,3
19384,M,2024,3,3
19385,M,2024,2,2
19386,M,2024,3,3
19387,M,2024,3,3
19388,M,2024,2,2
19390,M,2024,2,2
19391,M,2024,2,2
19394,M,2024,2,2
19396,M,2024,3,3
19397,M,2024,2,2
19398,M,2024,2,2
19399,M,2024,2,1
19400,M,2024,2,2
19402,M,2024,2,1
19403,M,2024,2,2
19404,M,2024,3,2
19405,M,2024,2,1
19407,M,2024,3,3
19409,M,2024,2,1
19417,M,2024,3,2
19418,M,2024,2,2
19422,M,2024,3,2
19425,M,2024,3,1
19429,M,2024,2,2
19430,M,2024,2,1
19431,M,2024,2,2
19432,M,2024,2,2
19436,M,2024,2,2
19437,M,2024,3,2
19438,M,2024,2,2
19439,M,2024,2,2
19440,M,2024,2,1
19442,M,2024,3,2
19478,M,2024,3,2
19479,M,2024,2,1
19481,M,2024,2,1
19482,M,2024,2,1
19487,M,2024,2,2
19488,M,2024,2,1
19496,M,2024,2,2
19497,M,2024,2,2
19498,M,2024,2,2
19502,M,2024,3,2
19503,M,2024,2,2
19528,M,2024,3,2
19529,M,2024,2,2
19534,M,2024,2,2
19536,M,2024,3,3
19538,M,2024,2,2
19539,M,2024,2,2
19542,M,2024,2,2
19543,M,2024,3,3
19548,M,2024,2,2
19551,M,2024,3,2
19553,M,2024,4,3
19554,M,2024,2,2
19555,M,2024,2,2
19556,M,2024,2,2
19557,M,2024,2,2
19558,M,2024,2,2
19559,M,2024,2,1
19561,M,2024,2,2
19566,M,2024,3,2
19569,M,2024,2,2
19575,M,2024,3,3
19581,M,2024,2,1
19583,M,2024,2,1
19598,M,2024,2,2
19600,M,2024,3,2
19624,M,2024,2,2
19626,M,2024,3,3
19627,M,2024,2,2
19628,M,2024,2,2
19634,M,2024,2,2
19635,M,2024,2,2
19636,M,2024,2,2
19637,M,2024,3,3
19638,M,2024,2,2
19639,M,2024,2,1
19640,M,2024,2,2
19641,M,2024,3,3
19642,M,2024,2,2
19644,M,2024,2,2
19648,M,2024,2,2
19649,M,2024,3,3
19653,M,2024,2,2
19656,M,2024,2,2
19657,M,2024,2,2
19661,M,2024,2,1
19662,M,2024,2,2
19666,M,2024,2,2
20427,M,2024,2,1
20429,M,2024,2,2
20431,M,2024,2,2
20443,M,2024,2,2
20451,M,2024,2,1
20468,M,2024,2,1
20472,M,2024,2,1
20476,M,2024,2,1
20478,M,2024,2,1
20479,M,2024,2,1
20482,M,2024,2,2
20485,M,2024,2,1
20488,M,2024,3,3
20489,M,2024,3,1
20491,M,2024,2,1
20492,M,2024,3,1
20493,M,2024,2,1
20494,M,2024,3,1
20765,M,2024,2,2
20766,M,2024,2,2
21210,M,2024,2,2
21233,M,2024,2,2
21234,M,2024,2,1
21237,M,2024,2,2
21239,M,2024,2,2
21476,M,2024,2,2
21482,M,2024,2,2
22515,M,2024,2,2
22516,M,2024,2,1
22517,M,2024,2,2
22518,M,2024,2,1
22519,M,2024,2,2
22523,M,2024,2,2
22524,M,2024,2,2
22525,M,2024,2,2
22527,M,2024,2,1
22528,M,2024,2,1
22565,M,2024,2,2
22566,M,2024,2,2
22573,M,2024,2,2
22586,M,2024,2,2
22588,M,2024,2,1
22589,M,2024,2,1
22591,M,2024,2,2
22592,M,2024,2,1
22593,M,2024,2,2
22594,M,2024,2,2
22595,M,2024,2,1
22596,M,2024,2,2
23486,M,2024,2,1
25549,M,2024,3,3
25996,M,2024,2,2
63,F,2024,2,2
64,F,2024,3,3
66,F,2024,2,2
78,F,2024,2,1
81,F,2024,2,2
82,F,2024,2,1
86,F,2024,2,2
230,F,2024,3,3
231,F,2024,3,2
233,F,2024,4,4
234,F,2024,3,3
236,F,2024,2,2
237,F,2024,3,2
240,F,2024,4,2
241,F,2024,2,1
245,F,2024,3,3
246,F,2024,3,3
253,F,2024,3,3
256,F,2024,2,2
263,F,2024,2,2
268,F,2024,4,3
271,F,2024,2,2
274,F,2024,2,1
275,F,2024,4,3
282,F,2024,4,4
286,F,2024,3,2
287,F,2024,2,2
288,F,2024,2,1
289,F,2024,3,3
291,F,2024,2,2
293,F,2024,3,1
294,F,2024,4,3
297,F,2024,2,1
302,F,2024,3,3
304,F,2024,2,1
305,F,2024,2,1
307,F,2024,2,1
309,F,2024,2,2
357,F,2024,2,1
360,F,2024,2,2
384,F,2024,2,2
385,F,2024,2,2
391,F,2024,2,2
404,F,2024,3,3
406,F,2024,2,1
408,F,2024,4,3
409,F,2024,4,3
445,F,2024,2,2
446,F,2024,2,2
448,F,2024,4,4
476,F,2024,2,1
497,F,2024,2,1
567,F,2024,2,2
570,F,2024,2,2
573,F,2024,3,2
574,F,2024,3,3
575,F,2024,3,3
577,F,2024,4,4
578,F,2024,4,4
583,F,2024,4,3
587,F,2024,2,1
588,F,2024,2,1
589,F,2024,2,1
591,F,2024,2,1
594,F,2024,3,3
604,F,2024,2,2
606,F,2024,3,3
612,F,2024,3,3
617,F,2024,3,2
620,F,2024,4,4
621,F,2024,4,4
623,F,2024,2,2
626,F,2024,3,3
631,F,2024,2,2
632,F,2024,4,4
638,F,2024,3,3
643,F,2024,4,3
647,F,2024,2,2
648,F,2024,3,1
650,F,2024,2,2
652,F,2024,2,2
655,F,2024,4,4
662,F,2024,2,2
663,F,2024,3,2
819,F,2024,2,2
824,F,2024,2,2
826,F,2024,3,3
829,F,2024,3,3
832,F,2024,2,2
833,F,2024,2,2
836,F,2024,2,2
839,F,2024,3,1
842,F,2024,3,3
846,F,2024,2,1
855,F,2024,3,3
861,F,2024,3,3
972,F,2024,2,1
994,F,2024,2,2
996,F,2024,2,2
1004,F,2024,4,2
1008,F,2024,2,2
1016,F,2024,4,4
1021,F,2024,2,1
1028,F,2024,2,2
1033,F,2024,3,2
1043,F,2024,2,1
1046,F,2024,5,5
1049,F,2024,2,2
1050,F,2024,3,3
1052,F,2024,2,1
1057,F,2024,2,1
1060,F,2024,5,2
1071,F,2024,5,5
1075,F,2024,5,2
1078,F,2024,2,2
1080,F,2024,2,2
1091,F,2024,3,2
1097,F,2024,4,4
1101,F,2024,2,1
1102,F,2024,3,2
1108,F,2024,2,2
1112,F,2024,2,1
1117,F,2024,2,1
1122,F,2024,4,3
1128,F,2024,3,3
1130,F,2024,2,2
1135,F,2024,2,2
1144,F,2024,2,2
1153,F,2024,2,1
1154,F,2024,3,2
1458,F,2024,2,2
1466,F,2024,2,2
1478,F,2024,2,1
1484,F,2024,4,4
1489,F,2024,2,1
1497,F,2024,3,3
1513,F,2024,3,3
1514,F,2024,2,1
1617,F,2024,2,1
1621,F,2024,3,1
1671,F,2024,4,1
1674,F,2024,4,3
1687,F,2024,3,3
1724,F,2024,2,2
1726,F,2024,3,1
1727,F,2024,3,3
1732,F,2024,3,3
1740,F,2024,3,3
1741,F,2024,3,3
1742,F,2024,2,2
1744,F,2024,2,2
1750,F,2024,2,1
1752,F,2024,2,2
1756,F,2024,2,2
1760,F,2024,2,2
1762,F,2024,2,2
1763,F,2024,2,2
1765,F,2024,3,3
1769,F,2024,3,3
1781,F,2024,3,3
1783,F,2024,3,3
1791,F,2024,2,2
1796,F,2024,3,3
1800,F,2024,2,2
1804,F,2024,3,3
1928,F,2024,3,3
1929,F,2024,3,1
1930,F,2024,3,2
1935,F,2024,2,1
1937,F,2024,3,3
1946,F,2024,4,4
1947,F,2024,3,3
1948,F,2024,3,3
1953,F,2024,4,3
1954,F,2024,3,2
1957,F,2024,2,2
1961,F,2024,3,2
1962,F,2024,2,1
1983,F,2024,3,2
1987,F,2024,2,1
2061,F,2024,4,4
2062,F,2024,4,1
2064,F,2024,5,4
2074,F,2024,3,3
2079,F,2024,3,3
2085,F,2024,3,1
2188,F,2024,3,3
2203,F,2024,2,2
2204,F,2024,2,2
2207,F,2024,3,3
2229,F,2024,3,2
2230,F,2024,2,2
2238,F,2024,6,3
2239,F,2024,4,3
2240,F,2024,4,4
2241,F,2024,4,1
2243,F,2024,2,2
2244,F,2024,2,1
2245,F,2024,3,3
2249,F,2024,2,1
2299,F,2024,2,1
2323,F,2024,2,1
2380,F,2024,3,3
2385,F,2024,2,2
2386,F,2024,3,3
2387,F,2024,3,3
2390,F,2024,2,1
2400,F,2024,3,3
2401,F,2024,3,3
2403,F,2024,3,3
2404,F,2024,3,3
2405,F,2024,2,2
2406,F,2024,3,3
2409,F,2024,3,3
2412,F,2024,2,1
2415,F,2024,2,2
2416,F,2024,2,2
2418,F,2024,2,2
2420,F,2024,2,2
2423,F,2024,2,2
2428,F,2024,3,3
2516,F,2024,2,2
2534,F,2024,3,3
2678,F,2024,3,1
2699,F,2024,2,2
2700,F,2024,2,2
2703,F,2024,3,3
2705,F,2024,2,2
2713,F,2024,2,2
2722,F,2024,2,2
2775,F,2024,3,3
2826,F,2024,2,2
2838,F,2024,2,2
2842,F,2024,2,2
2894,F,2024,3,3
2924,F,2024,2,2
2925,F,2024,3,3
2926,F,2024,2,2
2928,F,2024,3,2
2931,F,2024,2,2
2932,F,2024,2,2
2934,F,2024,3,3
2940,F,2024,2,2
3000,F,2024,4,4
3002,F,2024,3,2
3008,F,2024,2,2
3028,F,2024,3,3
3035,F,2024,2,2
3036,F,2024,2,1
3037,F,2024,3,3
3046,F,2024,2,2
3097,F,2024,2,1
3098,F,2024,2,2
3100,F,2024,2,1
3109,F,2024,2,1
3115,F,2024,2,1
3116,F,2024,2,2
3193,F,2024,3,3
3240,F,2024,2,2
3250,F,2024,2,2
3256,F,2024,2,2
3314,F,2024,3,3
3360,F,2024,2,2
3364,F,2024,2,2
3366,F,2024,2,2
3368,F,2024,4,4
3379,F,2024,2,2
3431,F,2024,2,1
3537,F,2024,2,2
3586,F,2024,2,2
3755,F,2024,2,1
3862,F,2024,2,2
3864,F,2024,3,2
3866,F,2024,3,3
3869,F,2024,4,3
4025,F,2024,2,1
4092,F,2024,3,1
4115,F,2024,2,2
4117,F,2024,2,2
4223,F,2024,3,3
4230,F,2024,2,2
4231,F,2024,2,1
4249,F,2024,2,1
4251,F,2024,2,2
4520,F,2024,2,1
4545,F,2024,2,1
4555,F,2024,2,2
4631,F,2024,3,3
4655,F,2024,2,2
4665,F,2024,3,3
4669,F,2024,2,2
4766,F,2024,3,3
4778,F,2024,2,2
4791,F,2024,3,3
4959,F,2024,3,3
4971,F,2024,3,3
5065,F,2024,2,1
5202,F,2024,3,3
5203,F,2024,2,2
5298,F,2024,2,2
5344,F,2024,3,3
5521,F,2024,2,2
5679,F,2024,2,2
5685,F,2024,2,1
5691,F,2024,2,1
5766,F,2024,3,3
6431,F,2024,4,4
6867,F,2024,3,3
6870,F,2024,2,2
7115,F,2024,2,1
7162,F,2024,2,1
7704,F,2024,4,4
7705,F,2024,4,4
7706,F,2024,2,2
7711,F,2024,2,2
7712,F,2024,2,2
7713,F,2024,2,2
7749,F,2024,2,1
7751,F,2024,2,1
7944,F,2024,2,2
7945,F,2024,2,1
7947,F,2024,2,1
7971,F,2024,2,1
7986,F,2024,4,3
7988,F,2024,4,3
7989,F,2024,4,3
7990,F,2024,3,2
7991,F,2024,4,2
7993,F,2024,3,3
7994,F,2024,2,2
8028,F,2024,2,1
8032,F,2024,3,1
8033,F,2024,2,1
8034,F,2024,4,3
8112,F,2024,2,2
8113,F,2024,3,2
8115,F,2024,2,2
8117,F,2024,3,2
8118,F,2024,3,2
8119,F,2024,3,2
8120,F,2024,2,2
8122,F,2024,2,2
8123,F,2024,4,4
8124,F,2024,3,2
8125,F,2024,3,3
8128,F,2024,3,3
8134,F,2024,3,3
8135,F,2024,4,4
8183,F,2024,3,1
11336,F,2024,4,4
11337,F,2024,3,2
11338,F,2024,3,2
11339,F,2024,2,2
11340,F,2024,4,2
11341,F,2024,4,2
11342,F,2024,3,2
11343,F,2024,4,3
11344,F,2024,3,2
11345,F,2024,4,2
11346,F,2024,3,3
11347,F,2024,4,3
11348,F,2024,4,3
11352,F,2024,3,3
11360,F,2024,2,2
11362,F,2024,2,1
11364,F,2024,3,2
11365,F,2024,3,2
11376,F,2024,3,3
11377,F,2024,5,5
11424,F,2024,3,2
11425,F,2024,2,1
11427,F,2024,2,1
11428,F,2024,4,2
11430,F,2024,2,2
11431,F,2024,3,2
11432,F,2024,4,2
11433,F,2024,2,1
11437,F,2024,3,2
11440,F,2024,3,2
11441,F,2024,2,2
11445,F,2024,3,1
11446,F,2024,4,1
11447,F,2024,3,3
11448,F,2024,5,5
11453,F,2024,2,2
11455,F,2024,2,1
11456,F,2024,2,2
11457,F,2024,2,1
11458,F,2024,3,1
11461,F,2024,3,3
11463,F,2024,2,2
11464,F,2024,2,1
11465,F,2024,2,2
11468,F,2024,2,1
11470,F,2024,2,2
11475,F,2024,2,1
11476,F,2024,3,3
11478,F,2024,2,2
16153,F,2024,3,1
16154,F,2024,3,1
16155,F,2024,2,1
16156,F,2024,3,3
16157,F,2024,2,1
16159,F,2024,3,3
16160,F,2024,3,3
16161,F,2024,3,3
16164,F,2024,3,3
16165,F,2024,2,2
16166,F,2024,3,3
16167,F,2024,3,3
16168,F,2024,3,3
16169,F,2024,3,3
16171,F,2024,2,2
16172,F,2024,3,1
16173,F,2024,3,3
16175,F,2024,2,1
16176,F,2024,2,2
16177,F,2024,2,2
17562,F,2024,2,2
17931,F,2024,2,2
17937,F,2024,3,3
18037,F,2024,2,2
18271,F,2024,2,2
18593,F,2024,2,2
18595,F,2024,3,3
18596,F,2024,2,2
18599,F,2024,3,3
18600,F,2024,2,2
18601,F,2024,3,1
18603,F,2024,2,2
18607,F,2024,2,2
18609,F,2024,3,3
18610,F,2024,2,2
18611,F,2024,2,2
18612,F,2024,2,2
18613,F,2024,3,3
18725,F,2024,2,1
18726,F,2024,2,2
18740,F,2024,2,2
18741,F,2024,3,3
18758,F,2024,2,1
18763,F,2024,2,2
18794,F,2024,2,2
18795,F,2024,2,2
18796,F,2024,2,2
18820,F,2024,2,2
18822,F,2024,2,2
18826,F,2024,3,3
18828,F,2024,2,2
18831,F,2024,3,3
18832,F,2024,2,2
18835,F,2024,3,3
18836,F,2024,2,2
18839,F,2024,2,2
18844,F,2024,2,2
18851,F,2024,2,2
18852,F,2024,2,1
18854,F,2024,2,2
18856,F,2024,2,2
18860,F,2024,2,2
18911,F,2024,2,2
18912,F,2024,2,2
18913,F,2024,2,2
18914,F,2024,2,2
18921,F,2024,3,3
18922,F,2024,3,3
18923,F,2024,3,3
18925,F,2024,3,1
18927,F,2024,2,2
18928,F,2024,2,2
18929,F,2024,4,4
18931,F,2024,4,4
18932,F,2024,2,2
18933,F,2024,3,3
18934,F,2024,2,2
18935,F,2024,3,3
18936,F,2024,2,2
18937,F,2024,2,2
18938,F,2024,2,2
18939,F,2024,3,3
18940,F,2024,2,2
18941,F,2024,2,2
18942,F,2024,3,2
18943,F,2024,2,2
18945,F,2024,2,2
18948,F,2024,4,3
18950,F,2024,2,2
18951,F,2024,2,2
18954,F,2024,2,2
18958,F,2024,2,2
18960,F,2024,3,3
19360,F,2024,3,2
19361,F,2024,3,3
19366,F,2024,2,2
19367,F,2024,2,2
19368,F,2024,2,1
19370,F,2024,2,2
19446,F,2024,2,1
19447,F,2024,3,1
19448,F,2024,2,1
19449,F,2024,3,2
19450,F,2024,2,2
19454,F,2024,3,2
19456,F,2024,2,2
19458,F,2024,2,2
19459,F,2024,3,2
19462,F,2024,2,2
19463,F,2024,2,1
19465,F,2024,3,2
19468,F,2024,3,2
19469,F,2024,3,3
19473,F,2024,2,2
19490,F,2024,2,1
19491,F,2024,2,1
19505,F,2024,3,2
19506,F,2024,5,3
19511,F,2024,2,1
19512,F,2024,3,1
19513,F,2024,2,1
19516,F,2024,2,1
19518,F,2024,3,3
19520,F,2024,2,2
19522,F,2024,2,1
19524,F,2024,2,1
19525,F,2024,2,2
19526,F,2024,2,2
19595,F,2024,3,3
19597,F,2024,3,3
19602,F,2024,3,3
19603,F,2024,2,2
19606,F,2024,2,1
19610,F,2024,2,2
20394,F,2024,2,1
20403,F,2024,2,2
20405,F,2024,2,1
20408,F,2024,2,2
20462,F,2024,2,2
20463,F,2024,2,2
20464,F,2024,2,2
20466,F,2024,2,2
20495,F,2024,3,2
20496,F,2024,3,2
20763,F,2024,3,1
20764,F,2024,2,2
21208,F,2024,2,2
21215,F,2024,2,1
21217,F,2024,2,2
21224,F,2024,2,2
21466,F,2024,2,1
21481,F,2024,2,2
22543,F,2024,2,1
22546,F,2024,2,1
22549,F,2024,2,2
22553,F,2024,2,2
22554,F,2024,2,2
22558,F,2024,2,2
22577,F,2024,2,2
22580,F,2024,2,2
22581,F,2024,2,2
22598,F,2024,2,1
22600,F,2024,2,1
23462,F,2024,3,2
23523,F,2024,2,2
