athlete_id,race_count,gender
832,6,F
18741,6,F
27148,6,F
256,5,F
404,5,F
408,5,F
409,5,F
567,5,F
592,5,F
648,5,F
655,5,F
842,5,F
845,5,F
852,5,F
1008,5,F
1049,5,F
1497,5,F
1676,5,F
1752,5,F
1767,5,F
1796,5,F
1930,5,F
2061,5,F
2083,5,F
2096,5,F
2238,5,F
2245,5,F
2385,5,F
3000,5,F
3047,5,F
3102,5,F
7705,5,F
8034,5,F
11344,5,F
11447,5,F
17920,5,F
18599,5,F
18826,5,F
18854,5,F
18922,5,F
19448,5,F
22580,5,F
23548,5,F
26828,5,F
26874,5,F
26875,5,F
26944,5,F
26946,5,F
26947,5,F
26950,5,F
27047,5,F
27050,5,F
27052,5,F
27058,5,F
27065,5,F
27145,5,F
27147,5,F
27331,5,F
27528,5,F
27653,5,F
28021,5,F
28042,5,F
264,4,F
275,4,F
576,4,F
580,4,F
583,4,F
646,4,F
652,4,F
660,4,F
824,4,F
1021,4,F
1033,4,F
1045,4,F
1050,4,F
1052,4,F
1060,4,F
1097,4,F
1478,4,F
1671,4,F
1726,4,F
1735,4,F
1740,4,F
1742,4,F
1756,4,F
1769,4,F
1776,4,F
1946,4,F
1953,4,F
1954,4,F
1971,4,F
2064,4,F
2087,4,F
2188,4,F
2243,4,F
2333,4,F
2420,4,F
2499,4,F
2678,4,F
3036,4,F
3097,4,F
3116,4,F
3364,4,F
3368,4,F
3431,4,F
3862,4,F
3869,4,F
4655,4,F
5065,4,F
5924,4,F
8033,4,F
8125,4,F
11338,4,F
11346,4,F
11348,4,F
11362,4,F
11364,4,F
11365,4,F
11428,4,F
11448,4,F
11458,4,F
18596,4,F
18822,4,F
18828,4,F
18831,4,F
18844,4,F
18850,4,F
18851,4,F
18929,4,F
18931,4,F
18938,4,F
18948,4,F
18959,4,F
19361,4,F
19366,4,F
19367,4,F
19457,4,F
19610,4,F
20420,4,F
20764,4,F
22356,4,F
22363,4,F
25022,4,F
26198,4,F
26825,4,F
26830,4,F
26871,4,F
26898,4,F
26900,4,F
26901,4,F
26940,4,F
26941,4,F
26948,4,F
26953,4,F
26958,4,F
26962,4,F
26990,4,F
27048,4,F
27049,4,F
27051,4,F
27060,4,F
27068,4,F
27102,4,F
27107,4,F
27146,4,F
27163,4,F
27169,4,F
27170,4,F
27178,4,F
27226,4,F
27228,4,F
27242,4,F
27247,4,F
27334,4,F
27336,4,F
27338,4,F
27346,4,F
27349,4,F
27427,4,F
27520,4,F
27522,4,F
27627,4,F
27638,4,F
27641,4,F
27648,4,F
27668,4,F
27672,4,F
27676,4,F
27858,4,F
27861,4,F
27866,4,F
28018,4,F
28046,4,F
28376,4,F
28377,4,F
68,3,F
81,3,F
237,3,F
245,3,F
253,3,F
302,3,F
357,3,F
358,3,F
448,3,F
481,3,F
570,3,F
573,3,F
575,3,F
604,3,F
647,3,F
819,3,F
839,3,F
1004,3,F
1016,3,F
1075,3,F
1153,3,F
1513,3,F
1621,3,F
1686,3,F
1725,3,F
1741,3,F
1744,3,F
1746,3,F
1754,3,F
1764,3,F
1775,3,F
1947,3,F
1961,3,F
1983,3,F
2079,3,F
2207,3,F
2323,3,F
2400,3,F
2406,3,F
2410,3,F
2426,3,F
2507,3,F
2509,3,F
2700,3,F
2924,3,F
2928,3,F
3032,3,F
3124,3,F
3179,3,F
3185,3,F
3198,3,F
3237,3,F
3238,3,F
3240,3,F
3755,3,F
3864,3,F
4555,3,F
4790,3,F
4977,3,F
7115,3,F
7704,3,F
7706,3,F
7749,3,F
7753,3,F
7945,3,F
7946,3,F
7947,3,F
7993,3,F
8117,3,F
8119,3,F
8135,3,F
11335,3,F
11340,3,F
11341,3,F
11437,3,F
11470,3,F
16153,3,F
16157,3,F
16158,3,F
16159,3,F
16163,3,F
18264,3,F
18595,3,F
18600,3,F
18727,3,F
18760,3,F
18766,3,F
18816,3,F
18818,3,F
18837,3,F
18852,3,F
18856,3,F
18912,3,F
18927,3,F
18928,3,F
18930,3,F
18933,3,F
18934,3,F
18942,3,F
18950,3,F
19360,3,F
19368,3,F
19449,3,F
19453,3,F
19469,3,F
19524,3,F
19595,3,F
20405,3,F
20419,3,F
21215,3,F
21481,3,F
22351,3,F
22371,3,F
23462,3,F
23464,3,F
23542,3,F
23543,3,F
23554,3,F
24603,3,F
24666,3,F
24817,3,F
25052,3,F
25098,3,F
25885,3,F
26228,3,F
26531,3,F
26633,3,F
26823,3,F
26824,3,F
26826,3,F
26829,3,F
26831,3,F
26882,3,F
26884,3,F
26885,3,F
26935,3,F
26937,3,F
26942,3,F
26945,3,F
26951,3,F
26954,3,F
26956,3,F
26957,3,F
26959,3,F
26960,3,F
27064,3,F
27070,3,F
27101,3,F
27103,3,F
27104,3,F
27106,3,F
27149,3,F
27150,3,F
27155,3,F
27159,3,F
27165,3,F
27166,3,F
27181,3,F
27182,3,F
27191,3,F
27192,3,F
27193,3,F
27196,3,F
27229,3,F
27232,3,F
27243,3,F
27248,3,F
27249,3,F
27250,3,F
27251,3,F
27252,3,F
27253,3,F
27256,3,F
27259,3,F
27261,3,F
27262,3,F
27275,3,F
27279,3,F
27287,3,F
27333,3,F
27341,3,F
27347,3,F
27348,3,F
27354,3,F
27370,3,F
27419,3,F
27420,3,F
27422,3,F
27423,3,F
27428,3,F
27526,3,F
27535,3,F
27540,3,F
27601,3,F
27609,3,F
27621,3,F
27629,3,F
27633,3,F
27636,3,F
27645,3,F
27651,3,F
27655,3,F
27666,3,F
27671,3,F
27746,3,F
27747,3,F
27854,3,F
27870,3,F
27873,3,F
27933,3,F
27935,3,F
27936,3,F
27937,3,F
27938,3,F
27942,3,F
27943,3,F
27969,3,F
27975,3,F
28034,3,F
28037,3,F
28048,3,F
28050,3,F
28265,3,F
28273,3,F
28280,3,F
28282,3,F
28334,3,F
28336,3,F
28414,3,F
28471,3,F
28472,3,F
28473,3,F
28480,3,F
28482,3,F
28483,3,F
28515,3,F
28708,3,F
28709,3,F
28711,3,F
28712,3,F
63,2,F
85,2,F
267,2,F
289,2,F
307,2,F
309,2,F
360,2,F
480,2,F
495,2,F
588,2,F
589,2,F
598,2,F
612,2,F
623,2,F
638,2,F
663,2,F
1028,2,F
1057,2,F
1078,2,F
1117,2,F
1154,2,F
1466,2,F
1484,2,F
1494,2,F
1673,2,F
1687,2,F
1743,2,F
1771,2,F
1929,2,F
1952,2,F
1957,2,F
2085,2,F
2330,2,F
2340,2,F
2403,2,F
2418,2,F
2423,2,F
2508,2,F
2712,2,F
2820,2,F
2832,2,F
2834,2,F
2836,2,F
2838,2,F
2841,2,F
2940,2,F
3002,2,F
3243,2,F
3377,2,F
3379,2,F
3586,2,F
3645,2,F
3820,2,F
4094,2,F
4115,2,F
4223,2,F
4241,2,F
4277,2,F
4545,2,F
4549,2,F
4550,2,F
4656,2,F
4766,2,F
5290,2,F
5520,2,F
5521,2,F
5679,2,F
6157,2,F
7711,2,F
7712,2,F
7748,2,F
7751,2,F
7755,2,F
7971,2,F
7992,2,F
7998,2,F
8120,2,F
11342,2,F
11347,2,F
11426,2,F
11438,2,F
11440,2,F
11469,2,F
11478,2,F
16156,2,F
16160,2,F
16166,2,F
16168,2,F
17562,2,F
17971,2,F
18271,2,F
18601,2,F
18606,2,F
18698,2,F
18740,2,F
18817,2,F
18823,2,F
18849,2,F
18911,2,F
18924,2,F
18932,2,F
18937,2,F
18939,2,F
18945,2,F
18951,2,F
18955,2,F
19371,2,F
19447,2,F
19454,2,F
19462,2,F
19465,2,F
19504,2,F
19505,2,F
19506,2,F
19517,2,F
19612,2,F
20408,2,F
20409,2,F
20411,2,F
20462,2,F
20463,2,F
20763,2,F
21216,2,F
21219,2,F
21224,2,F
21225,2,F
21226,2,F
22352,2,F
22354,2,F
22358,2,F
22361,2,F
22365,2,F
22375,2,F
22600,2,F
23384,2,F
23391,2,F
23393,2,F
23550,2,F
23567,2,F
23714,2,F
24832,2,F
25587,2,F
25999,2,F
26087,2,F
26128,2,F
26622,2,F
26867,2,F
26868,2,F
26873,2,F
26876,2,F
26878,2,F
26880,2,F
26927,2,F
26936,2,F
26938,2,F
26949,2,F
26952,2,F
26955,2,F
27053,2,F
27056,2,F
27057,2,F
27059,2,F
27062,2,F
27066,2,F
27069,2,F
27100,2,F
27105,2,F
27156,2,F
27179,2,F
27180,2,F
27188,2,F
27189,2,F
27190,2,F
27195,2,F
27197,2,F
27198,2,F
27199,2,F
27201,2,F
27225,2,F
27230,2,F
27231,2,F
27234,2,F
27244,2,F
27245,2,F
27258,2,F
27260,2,F
27265,2,F
27267,2,F
27270,2,F
27271,2,F
27273,2,F
27278,2,F
27281,2,F
27286,2,F
27291,2,F
27335,2,F
27337,2,F
27339,2,F
27342,2,F
27351,2,F
27355,2,F
27357,2,F
27358,2,F
27359,2,F
27360,2,F
27364,2,F
27366,2,F
27368,2,F
27369,2,F
27416,2,F
27417,2,F
27421,2,F
27425,2,F
27426,2,F
27433,2,F
27435,2,F
27437,2,F
27439,2,F
27524,2,F
27525,2,F
27531,2,F
27532,2,F
27536,2,F
27537,2,F
27539,2,F
27541,2,F
27543,2,F
27544,2,F
27602,2,F
27604,2,F
27605,2,F
27606,2,F
27607,2,F
27617,2,F
27620,2,F
27622,2,F
27632,2,F
27637,2,F
27644,2,F
27647,2,F
27649,2,F
27658,2,F
27662,2,F
27670,2,F
27686,2,F
27760,2,F
27860,2,F
27867,2,F
27868,2,F
27871,2,F
27875,2,F
27876,2,F
27890,2,F
27939,2,F
27945,2,F
27946,2,F
28020,2,F
28022,2,F
28025,2,F
28029,2,F
28036,2,F
28043,2,F
28049,2,F
28080,2,F
28244,2,F
28245,2,F
28246,2,F
28256,2,F
28267,2,F
28271,2,F
28272,2,F
28275,2,F
28277,2,F
28278,2,F
28281,2,F
28283,2,F
28285,2,F
28335,2,F
28338,2,F
28355,2,F
28356,2,F
28357,2,F
28359,2,F
28395,2,F
28399,2,F
28413,2,F
28476,2,F
28479,2,F
28481,2,F
28511,2,F
28512,2,F
28526,2,F
28527,2,F
28531,2,F
28545,2,F
28546,2,F
28702,2,F
28715,2,F
28722,2,F
28733,2,F
28776,2,F
28779,2,F
28832,2,F
28862,2,F
28864,2,F
28866,2,F
28872,2,F
28873,2,F
28875,2,F
28878,2,F
28881,2,F
29243,2,F
29247,2,F
29251,2,F
29252,2,F
29253,2,F
29254,2,F
29256,2,F
29257,2,F
29258,2,F
29259,2,F
29260,2,F
29262,2,F
29263,2,F
29296,2,F
29299,2,F
29301,2,F
29304,2,F
72,1,F
82,1,F
112,1,F
230,1,F
231,1,F
234,1,F
263,1,F
271,1,F
282,1,F
294,1,F
297,1,F
384,1,F
443,1,F
445,1,F
446,1,F
474,1,F
490,1,F
568,1,F
569,1,F
617,1,F
643,1,F
834,1,F
860,1,F
973,1,F
1001,1,F
1023,1,F
1055,1,F
1128,1,F
1458,1,F
1684,1,F
1736,1,F
1751,1,F
1773,1,F
1779,1,F
1941,1,F
1945,1,F
1955,1,F
1963,1,F
1966,1,F
1987,1,F
2062,1,F
2204,1,F
2291,1,F
2321,1,F
2384,1,F
2393,1,F
2405,1,F
2429,1,F
2518,1,F
2662,1,F
2669,1,F
2670,1,F
2674,1,F
2705,1,F
2722,1,F
2826,1,F
2925,1,F
2942,1,F
3048,1,F
3235,1,F
3236,1,F
3371,1,F
3429,1,F
3432,1,F
3460,1,F
3504,1,F
3823,1,F
3975,1,F
4092,1,F
4116,1,F
4237,1,F
4246,1,F
4285,1,F
4551,1,F
4665,1,F
4673,1,F
4687,1,F
4763,1,F
4793,1,F
4794,1,F
4975,1,F
5279,1,F
5426,1,F
5439,1,F
5682,1,F
5847,1,F
6425,1,F
6870,1,F
7289,1,F
7713,1,F
7994,1,F
8032,1,F
8035,1,F
8036,1,F
8113,1,F
8121,1,F
8123,1,F
8124,1,F
8133,1,F
9163,1,F
11376,1,F
11377,1,F
11425,1,F
11432,1,F
11435,1,F
11441,1,F
11443,1,F
11465,1,F
11467,1,F
11474,1,F
16161,1,F
16177,1,F
17937,1,F
18598,1,F
18794,1,F
18819,1,F
18832,1,F
18839,1,F
18935,1,F
18941,1,F
19459,1,F
19463,1,F
19470,1,F
19501,1,F
19510,1,F
19512,1,F
19526,1,F
19527,1,F
19613,1,F
20396,1,F
20483,1,F
21220,1,F
21222,1,F
22359,1,F
22366,1,F
22367,1,F
22368,1,F
22372,1,F
22374,1,F
22543,1,F
22549,1,F
22552,1,F
22556,1,F
22557,1,F
22577,1,F
22579,1,F
22598,1,F
23398,1,F
23406,1,F
23524,1,F
23526,1,F
23530,1,F
23532,1,F
23533,1,F
23534,1,F
23549,1,F
23553,1,F
23562,1,F
23715,1,F
23716,1,F
23898,1,F
23922,1,F
23925,1,F
24364,1,F
24365,1,F
24389,1,F
24660,1,F
24685,1,F
24689,1,F
24961,1,F
24963,1,F
25079,1,F
25139,1,F
25166,1,F
25196,1,F
25197,1,F
25210,1,F
25220,1,F
25294,1,F
25296,1,F
25461,1,F
25624,1,F
25675,1,F
25902,1,F
26160,1,F
26495,1,F
26529,1,F
26539,1,F
26852,1,F
26854,1,F
26856,1,F
26857,1,F
26860,1,F
26861,1,F
26877,1,F
26881,1,F
26883,1,F
26886,1,F
26928,1,F
26939,1,F
26961,1,F
26963,1,F
26964,1,F
26965,1,F
27054,1,F
27055,1,F
27061,1,F
27063,1,F
27067,1,F
27071,1,F
27072,1,F
27073,1,F
27074,1,F
27075,1,F
27108,1,F
27151,1,F
27152,1,F
27153,1,F
27154,1,F
27157,1,F
27158,1,F
27160,1,F
27161,1,F
27162,1,F
27164,1,F
27167,1,F
27168,1,F
27171,1,F
27172,1,F
27173,1,F
27174,1,F
27233,1,F
27246,1,F
27254,1,F
27255,1,F
27257,1,F
27263,1,F
27264,1,F
27266,1,F
27268,1,F
27269,1,F
27272,1,F
27274,1,F
27276,1,F
27277,1,F
27280,1,F
27282,1,F
27283,1,F
27284,1,F
27285,1,F
27288,1,F
27289,1,F
27290,1,F
27292,1,F
27332,1,F
27340,1,F
27343,1,F
27344,1,F
27345,1,F
27350,1,F
27352,1,F
27353,1,F
27356,1,F
27361,1,F
27362,1,F
27363,1,F
27365,1,F
27367,1,F
27371,1,F
27418,1,F
27424,1,F
27429,1,F
27430,1,F
27431,1,F
27432,1,F
27434,1,F
27436,1,F
27438,1,F
27440,1,F
27441,1,F
27442,1,F
27519,1,F
27521,1,F
27523,1,F
27527,1,F
27529,1,F
27530,1,F
27533,1,F
27534,1,F
27538,1,F
27542,1,F
27545,1,F
27603,1,F
27608,1,F
27610,1,F
27611,1,F
27612,1,F
27613,1,F
27614,1,F
27615,1,F
27616,1,F
27618,1,F
27619,1,F
27623,1,F
27624,1,F
27625,1,F
27626,1,F
27628,1,F
27630,1,F
27631,1,F
27634,1,F
27642,1,F
27654,1,F
27659,1,F
27661,1,F
27669,1,F
27675,1,F
27680,1,F
27681,1,F
27683,1,F
27685,1,F
27748,1,F
27761,1,F
27855,1,F
27856,1,F
27857,1,F
27859,1,F
27862,1,F
27863,1,F
27864,1,F
27865,1,F
27869,1,F
27872,1,F
27874,1,F
27889,1,F
27893,1,F
27900,1,F
27904,1,F
27931,1,F
27932,1,F
27934,1,F
27940,1,F
27941,1,F
27944,1,F
27947,1,F
27948,1,F
27965,1,F
27966,1,F
27967,1,F
27968,1,F
27970,1,F
27971,1,F
27972,1,F
27973,1,F
27974,1,F
28017,1,F
28019,1,F
28023,1,F
28024,1,F
28026,1,F
28027,1,F
28028,1,F
28030,1,F
28031,1,F
28032,1,F
28033,1,F
28035,1,F
28039,1,F
28040,1,F
28041,1,F
28044,1,F
28045,1,F
28047,1,F
28051,1,F
28086,1,F
28247,1,F
28253,1,F
28254,1,F
28263,1,F
28266,1,F
28268,1,F
28269,1,F
28270,1,F
28276,1,F
28279,1,F
28284,1,F
28286,1,F
28287,1,F
28288,1,F
28289,1,F
28333,1,F
28337,1,F
28339,1,F
28340,1,F
28341,1,F
28347,1,F
28348,1,F
28358,1,F
28370,1,F
28371,1,F
28383,1,F
28389,1,F
28394,1,F
28396,1,F
28397,1,F
28398,1,F
28409,1,F
28410,1,F
28417,1,F
28418,1,F
28474,1,F
28475,1,F
28477,1,F
28478,1,F
28484,1,F
28485,1,F
28500,1,F
28501,1,F
28502,1,F
28513,1,F
28514,1,F
28532,1,F
28533,1,F
28534,1,F
28535,1,F
28703,1,F
28704,1,F
28705,1,F
28706,1,F
28707,1,F
28710,1,F
28713,1,F
28714,1,F
28716,1,F
28717,1,F
28718,1,F
28719,1,F
28720,1,F
28721,1,F
28723,1,F
28724,1,F
28725,1,F
28726,1,F
28727,1,F
28728,1,F
28729,1,F
28730,1,F
28731,1,F
28732,1,F
28734,1,F
28735,1,F
28736,1,F
28737,1,F
28771,1,F
28772,1,F
28773,1,F
28774,1,F
28775,1,F
28777,1,F
28778,1,F
28783,1,F
28790,1,F
28791,1,F
28792,1,F
28793,1,F
28794,1,F
28795,1,F
28796,1,F
28797,1,F
28798,1,F
28799,1,F
28800,1,F
28801,1,F
28809,1,F
28810,1,F
28833,1,F
28834,1,F
28835,1,F
28836,1,F
28837,1,F
28838,1,F
28839,1,F
28840,1,F
28841,1,F
28842,1,F
28843,1,F
28844,1,F
28845,1,F
28857,1,F
28858,1,F
28859,1,F
28863,1,F
28865,1,F
28867,1,F
28868,1,F
28869,1,F
28870,1,F
28871,1,F
28874,1,F
28876,1,F
28877,1,F
28879,1,F
28880,1,F
28882,1,F
29240,1,F
29241,1,F
29242,1,F
29244,1,F
29245,1,F
29246,1,F
29248,1,F
29249,1,F
29250,1,F
29255,1,F
29261,1,F
29264,1,F
29294,1,F
29295,1,F
29297,1,F
29298,1,F
29300,1,F
29302,1,F
29303,1,F
29341,1,F
29342,1,F
29343,1,F
931,7,M
364,6,M
367,6,M
368,6,M
370,6,M
371,6,M
731,6,M
1589,6,M
1827,6,M
1894,6,M
2111,6,M
2116,6,M
8001,6,M
8014,6,M
8022,6,M
8146,6,M
18559,6,M
18567,6,M
18739,6,M
18869,6,M
18979,6,M
19010,6,M
19642,6,M
26020,6,M
26180,6,M
27091,6,M
27117,6,M
27698,6,M
27729,6,M
7,5,M
27,5,M
90,5,M
416,5,M
437,5,M
466,5,M
504,5,M
507,5,M
539,5,M
673,5,M
674,5,M
675,5,M
677,5,M
689,5,M
691,5,M
694,5,M
695,5,M
704,5,M
705,5,M
717,5,M
734,5,M
743,5,M
760,5,M
778,5,M
883,5,M
885,5,M
903,5,M
919,5,M
1184,5,M
1239,5,M
1266,5,M
1287,5,M
1552,5,M
1632,5,M
1656,5,M
1663,5,M
1704,5,M
1809,5,M
1814,5,M
1817,5,M
1835,5,M
1837,5,M
1847,5,M
1852,5,M
1900,5,M
1996,5,M
2142,5,M
2259,5,M
2275,5,M
2783,5,M
3169,5,M
3543,5,M
5002,5,M
5006,5,M
5500,5,M
5583,5,M
7697,5,M
7717,5,M
8004,5,M
8108,5,M
11307,5,M
11358,5,M
11389,5,M
11401,5,M
11413,5,M
11483,5,M
11485,5,M
11490,5,M
16126,5,M
16133,5,M
18564,5,M
18565,5,M
18577,5,M
18752,5,M
18874,5,M
18878,5,M
18879,5,M
18883,5,M
18885,5,M
18901,5,M
18963,5,M
18964,5,M
18974,5,M
18982,5,M
19002,5,M
19013,5,M
19375,5,M
19384,5,M
19385,5,M
19417,5,M
19424,5,M
19626,5,M
20431,5,M
22565,5,M
23572,5,M
24901,5,M
24908,5,M
25000,5,M
25923,5,M
26543,5,M
26835,5,M
26966,5,M
26969,5,M
26970,5,M
26979,5,M
26982,5,M
26994,5,M
27002,5,M
27004,5,M
27017,5,M
27018,5,M
27022,5,M
27038,5,M
27116,5,M
27126,5,M
27175,5,M
27176,5,M
27177,5,M
27445,5,M
27446,5,M
27485,5,M
27511,5,M
27690,5,M
27718,5,M
27738,5,M
27744,5,M
27989,5,M
8,4,M
15,4,M
19,4,M
38,4,M
127,4,M
129,4,M
135,4,M
142,4,M
153,4,M
166,4,M
333,4,M
344,4,M
433,4,M
435,4,M
467,4,M
506,4,M
515,4,M
529,4,M
530,4,M
551,4,M
666,4,M
676,4,M
681,4,M
700,4,M
706,4,M
711,4,M
714,4,M
740,4,M
742,4,M
747,4,M
753,4,M
874,4,M
926,4,M
985,4,M
1195,4,M
1198,4,M
1208,4,M
1213,4,M
1234,4,M
1269,4,M
1273,4,M
1284,4,M
1289,4,M
1290,4,M
1299,4,M
1324,4,M
1341,4,M
1395,4,M
1536,4,M
1557,4,M
1558,4,M
1562,4,M
1625,4,M
1631,4,M
1652,4,M
1657,4,M
1712,4,M
1715,4,M
1815,4,M
1855,4,M
1991,4,M
1993,4,M
2001,4,M
2005,4,M
2045,4,M
2059,4,M
2123,4,M
2124,4,M
2141,4,M
2176,4,M
2184,4,M
2193,4,M
2260,4,M
2261,4,M
2263,4,M
2268,4,M
2442,4,M
2453,4,M
2460,4,M
2478,4,M
2553,4,M
2788,4,M
2880,4,M
2882,4,M
2945,4,M
2946,4,M
3012,4,M
3142,4,M
3787,4,M
4082,4,M
4303,4,M
4315,4,M
4999,4,M
5013,4,M
5025,4,M
5374,4,M
5708,4,M
7641,4,M
7691,4,M
7720,4,M
7725,4,M
7780,4,M
7975,4,M
8009,4,M
8038,4,M
8041,4,M
8051,4,M
8056,4,M
8060,4,M
8068,4,M
8147,4,M
11301,4,M
11380,4,M
11386,4,M
11390,4,M
11393,4,M
11395,4,M
11408,4,M
11484,4,M
11493,4,M
16118,4,M
16127,4,M
16147,4,M
18563,4,M
18569,4,M
18583,4,M
18791,4,M
18870,4,M
18877,4,M
18915,4,M
18961,4,M
18968,4,M
18969,4,M
18977,4,M
19006,4,M
19007,4,M
19386,4,M
19387,4,M
19390,4,M
19396,4,M
19411,4,M
19422,4,M
19486,4,M
19496,4,M
19502,4,M
20429,4,M
20489,4,M
20766,4,M
23485,4,M
23580,4,M
23583,4,M
23585,4,M
23593,4,M
24421,4,M
24654,4,M
25014,4,M
25471,4,M
25849,4,M
25896,4,M
26109,4,M
26522,4,M
26627,4,M
26821,4,M
26845,4,M
26847,4,M
26849,4,M
26890,4,M
26894,4,M
26902,4,M
26924,4,M
26931,4,M
26934,4,M
26967,4,M
26971,4,M
26978,4,M
26993,4,M
26999,4,M
27000,4,M
27009,4,M
27014,4,M
27024,4,M
27027,4,M
27029,4,M
27030,4,M
27042,4,M
27078,4,M
27081,4,M
27083,4,M
27088,4,M
27089,4,M
27094,4,M
27109,4,M
27110,4,M
27112,4,M
27114,4,M
27124,4,M
27129,4,M
27134,4,M
27139,4,M
27143,4,M
27183,4,M
27215,4,M
27216,4,M
27227,4,M
27294,4,M
27374,4,M
27375,4,M
27377,4,M
27382,4,M
27383,4,M
27395,4,M
27450,4,M
27457,4,M
27460,4,M
27468,4,M
27475,4,M
27476,4,M
27486,4,M
27498,4,M
27499,4,M
27508,4,M
27548,4,M
27560,4,M
27569,4,M
27572,4,M
27588,4,M
27689,4,M
27694,4,M
27699,4,M
27701,4,M
27717,4,M
27742,4,M
27745,4,M
27752,4,M
27842,4,M
27905,4,M
27986,4,M
28052,4,M
28054,4,M
28056,4,M
28057,4,M
28071,4,M
28073,4,M
28074,4,M
1,3,M
2,3,M
31,3,M
102,3,M
128,3,M
160,3,M
188,3,M
203,3,M
323,3,M
340,3,M
415,3,M
417,3,M
513,3,M
531,3,M
552,3,M
557,3,M
699,3,M
710,3,M
761,3,M
802,3,M
866,3,M
881,3,M
924,3,M
964,3,M
1205,3,M
1216,3,M
1218,3,M
1228,3,M
1251,3,M
1254,3,M
1278,3,M
1283,3,M
1295,3,M
1306,3,M
1382,3,M
1522,3,M
1535,3,M
1584,3,M
1612,3,M
1703,3,M
1811,3,M
1818,3,M
1849,3,M
1853,3,M
1870,3,M
1874,3,M
1883,3,M
1887,3,M
1917,3,M
2002,3,M
2013,3,M
2022,3,M
2032,3,M
2037,3,M
2066,3,M
2173,3,M
2200,3,M
2258,3,M
2302,3,M
2354,3,M
2367,3,M
2437,3,M
2438,3,M
2455,3,M
2456,3,M
2463,3,M
2467,3,M
2469,3,M
2470,3,M
2474,3,M
2559,3,M
2563,3,M
2596,3,M
2606,3,M
2730,3,M
2754,3,M
2803,3,M
2855,3,M
2860,3,M
2872,3,M
2876,3,M
2877,3,M
2896,3,M
2899,3,M
2900,3,M
2950,3,M
2994,3,M
3062,3,M
3079,3,M
3092,3,M
3134,3,M
3137,3,M
3140,3,M
3141,3,M
3204,3,M
3212,3,M
3268,3,M
3276,3,M
3279,3,M
3298,3,M
3336,3,M
3349,3,M
3407,3,M
3412,3,M
3440,3,M
3547,3,M
3682,3,M
3855,3,M
3884,3,M
4081,3,M
4304,3,M
4365,3,M
4397,3,M
4585,3,M
4589,3,M
4732,3,M
4918,3,M
5038,3,M
5137,3,M
5230,3,M
5271,3,M
5645,3,M
5828,3,M
7644,3,M
7721,3,M
7724,3,M
7726,3,M
7735,3,M
7950,3,M
7953,3,M
7954,3,M
7965,3,M
7976,3,M
8005,3,M
8011,3,M
8057,3,M
8058,3,M
8059,3,M
8064,3,M
8065,3,M
8075,3,M
8095,3,M
8099,3,M
11300,3,M
11302,3,M
11303,3,M
11315,3,M
11319,3,M
11381,3,M
11382,3,M
11399,3,M
11402,3,M
11422,3,M
11507,3,M
11510,3,M
11528,3,M
16114,3,M
16115,3,M
16117,3,M
16120,3,M
16123,3,M
16124,3,M
16132,3,M
16134,3,M
16135,3,M
16146,3,M
18561,3,M
18566,3,M
18570,3,M
18571,3,M
18578,3,M
18581,3,M
18585,3,M
18730,3,M
18736,3,M
18742,3,M
18772,3,M
18780,3,M
18787,3,M
18865,3,M
18872,3,M
18873,3,M
18875,3,M
18965,3,M
18975,3,M
18989,3,M
18990,3,M
18991,3,M
18994,3,M
19381,3,M
19403,3,M
19421,3,M
19437,3,M
19442,3,M
19479,3,M
19482,3,M
19488,3,M
19498,3,M
19539,3,M
19650,3,M
19657,3,M
20397,3,M
20427,3,M
20441,3,M
20451,3,M
20490,3,M
20492,3,M
21472,3,M
22379,3,M
22384,3,M
22385,3,M
22389,3,M
22390,3,M
22519,3,M
22524,3,M
22531,3,M
22568,3,M
22588,3,M
22591,3,M
23423,3,M
23446,3,M
23458,3,M
23472,3,M
23582,3,M
23587,3,M
23594,3,M
24594,3,M
24595,3,M
24596,3,M
24735,3,M
24808,3,M
24812,3,M
24911,3,M
24986,3,M
25030,3,M
25480,3,M
25853,3,M
25915,3,M
25921,3,M
26005,3,M
26006,3,M
26097,3,M
26112,3,M
26490,3,M
26506,3,M
26507,3,M
26774,3,M
26818,3,M
26820,3,M
26846,3,M
26848,3,M
26851,3,M
26888,3,M
26905,3,M
26917,3,M
26918,3,M
26920,3,M
26922,3,M
26925,3,M
26932,3,M
26933,3,M
26975,3,M
26981,3,M
26983,3,M
26985,3,M
26986,3,M
26987,3,M
26995,3,M
26996,3,M
26998,3,M
27003,3,M
27005,3,M
27006,3,M
27016,3,M
27019,3,M
27020,3,M
27023,3,M
27028,3,M
27039,3,M
27040,3,M
27076,3,M
27079,3,M
27082,3,M
27086,3,M
27095,3,M
27096,3,M
27099,3,M
27115,3,M
27119,3,M
27122,3,M
27137,3,M
27138,3,M
27203,3,M
27206,3,M
27208,3,M
27217,3,M
27220,3,M
27221,3,M
27236,3,M
27295,3,M
27296,3,M
27308,3,M
27314,3,M
27318,3,M
27322,3,M
27325,3,M
27326,3,M
27327,3,M
27330,3,M
27376,3,M
27381,3,M
27384,3,M
27386,3,M
27387,3,M
27389,3,M
27391,3,M
27394,3,M
27396,3,M
27402,3,M
27447,3,M
27448,3,M
27453,3,M
27454,3,M
27455,3,M
27459,3,M
27461,3,M
27469,3,M
27471,3,M
27473,3,M
27483,3,M
27490,3,M
27492,3,M
27495,3,M
27496,3,M
27501,3,M
27506,3,M
27565,3,M
27568,3,M
27577,3,M
27585,3,M
27691,3,M
27696,3,M
27708,3,M
27709,3,M
27711,3,M
27712,3,M
27715,3,M
27722,3,M
27724,3,M
27743,3,M
27750,3,M
27763,3,M
27843,3,M
27853,3,M
27887,3,M
27910,3,M
27911,3,M
27917,3,M
27918,3,M
27920,3,M
27949,3,M
27952,3,M
27958,3,M
27977,3,M
27979,3,M
27982,3,M
27983,3,M
27988,3,M
27995,3,M
28002,3,M
28005,3,M
28006,3,M
28008,3,M
28061,3,M
28065,3,M
28066,3,M
28077,3,M
28078,3,M
28295,3,M
28297,3,M
28310,3,M
28314,3,M
28319,3,M
28321,3,M
28322,3,M
28328,3,M
28364,3,M
28367,3,M
28372,3,M
28375,3,M
28387,3,M
28388,3,M
28411,3,M
28486,3,M
28487,3,M
28488,3,M
28489,3,M
28491,3,M
28493,3,M
28494,3,M
28516,3,M
28517,3,M
28518,3,M
28519,3,M
28536,3,M
28685,3,M
28690,3,M
28694,3,M
28695,3,M
28696,3,M
6,2,M
9,2,M
26,2,M
45,2,M
47,2,M
52,2,M
91,2,M
130,2,M
134,2,M
150,2,M
154,2,M
156,2,M
158,2,M
164,2,M
195,2,M
312,2,M
345,2,M
363,2,M
382,2,M
394,2,M
420,2,M
421,2,M
512,2,M
518,2,M
523,2,M
556,2,M
702,2,M
712,2,M
722,2,M
725,2,M
732,2,M
737,2,M
756,2,M
759,2,M
776,2,M
781,2,M
898,2,M
916,2,M
1222,2,M
1225,2,M
1231,2,M
1264,2,M
1304,2,M
1401,2,M
1597,2,M
1639,2,M
1647,2,M
1719,2,M
1813,2,M
1833,2,M
1850,2,M
1997,2,M
2020,2,M
2030,2,M
2038,2,M
2114,2,M
2119,2,M
2122,2,M
2128,2,M
2168,2,M
2174,2,M
2284,2,M
2303,2,M
2311,2,M
2316,2,M
2345,2,M
2350,2,M
2363,2,M
2464,2,M
2497,2,M
2579,2,M
2582,2,M
2586,2,M
2608,2,M
2627,2,M
2636,2,M
2645,2,M
2723,2,M
2786,2,M
2816,2,M
2871,2,M
2897,2,M
2917,2,M
2965,2,M
2971,2,M
2987,2,M
2995,2,M
3011,2,M
3015,2,M
3055,2,M
3067,2,M
3082,2,M
3153,2,M
3175,2,M
3207,2,M
3213,2,M
3218,2,M
3224,2,M
3231,2,M
3296,2,M
3350,2,M
3352,2,M
3390,2,M
3393,2,M
3400,2,M
3409,2,M
3442,2,M
3500,2,M
3790,2,M
3887,2,M
4084,2,M
4154,2,M
4182,2,M
4194,2,M
4205,2,M
4316,2,M
4704,2,M
4848,2,M
4878,2,M
4901,2,M
4910,2,M
5134,2,M
5358,2,M
5409,2,M
5559,2,M
5577,2,M
5619,2,M
5665,2,M
5670,2,M
5709,2,M
5726,2,M
5787,2,M
5932,2,M
6193,2,M
7701,2,M
7723,2,M
7743,2,M
7978,2,M
7982,2,M
8002,2,M
8006,2,M
8023,2,M
8084,2,M
8104,2,M
11308,2,M
11323,2,M
11325,2,M
11367,2,M
11370,2,M
11372,2,M
11396,2,M
11400,2,M
11406,2,M
11418,2,M
11419,2,M
11421,2,M
11482,2,M
11491,2,M
11499,2,M
11502,2,M
16119,2,M
16129,2,M
16136,2,M
16141,2,M
18201,2,M
18319,2,M
18555,2,M
18572,2,M
18738,2,M
18745,2,M
18751,2,M
18771,2,M
18781,2,M
18804,2,M
18807,2,M
18867,2,M
18876,2,M
18884,2,M
18892,2,M
18895,2,M
18897,2,M
18971,2,M
18986,2,M
19000,2,M
19009,2,M
19397,2,M
19405,2,M
19425,2,M
19426,2,M
19440,2,M
19528,2,M
19536,2,M
19551,2,M
19553,2,M
19569,2,M
19574,2,M
19581,2,M
19583,2,M
19599,2,M
19624,2,M
19627,2,M
20434,2,M
20448,2,M
20468,2,M
20475,2,M
20488,2,M
21205,2,M
21474,2,M
21482,2,M
22382,2,M
22525,2,M
22592,2,M
22595,2,M
23414,2,M
23416,2,M
23429,2,M
23430,2,M
23445,2,M
23489,2,M
23500,2,M
23506,2,M
23516,2,M
23576,2,M
23588,2,M
23589,2,M
23726,2,M
23919,2,M
24464,2,M
24642,2,M
24644,2,M
24711,2,M
24720,2,M
24859,2,M
24920,2,M
24997,2,M
24998,2,M
25076,2,M
25092,2,M
25118,2,M
25172,2,M
25491,2,M
25504,2,M
25546,2,M
26021,2,M
26088,2,M
26089,2,M
26182,2,M
26822,2,M
26837,2,M
26839,2,M
26840,2,M
26843,2,M
26865,2,M
26869,2,M
26887,2,M
26891,2,M
26903,2,M
26904,2,M
26907,2,M
26911,2,M
26919,2,M
26923,2,M
26977,2,M
26980,2,M
26984,2,M
26988,2,M
26991,2,M
26992,2,M
27010,2,M
27012,2,M
27013,2,M
27015,2,M
27021,2,M
27031,2,M
27035,2,M
27043,2,M
27044,2,M
27080,2,M
27084,2,M
27085,2,M
27090,2,M
27092,2,M
27097,2,M
27098,2,M
27113,2,M
27123,2,M
27127,2,M
27142,2,M
27185,2,M
27186,2,M
27209,2,M
27211,2,M
27212,2,M
27213,2,M
27235,2,M
27237,2,M
27298,2,M
27301,2,M
27302,2,M
27304,2,M
27305,2,M
27306,2,M
27311,2,M
27312,2,M
27313,2,M
27317,2,M
27321,2,M
27372,2,M
27373,2,M
27385,2,M
27390,2,M
27393,2,M
27399,2,M
27400,2,M
27405,2,M
27410,2,M
27412,2,M
27413,2,M
27444,2,M
27449,2,M
27466,2,M
27467,2,M
27479,2,M
27482,2,M
27487,2,M
27491,2,M
27494,2,M
27497,2,M
27500,2,M
27502,2,M
27503,2,M
27504,2,M
27507,2,M
27509,2,M
27512,2,M
27514,2,M
27516,2,M
27518,2,M
27546,2,M
27547,2,M
27553,2,M
27554,2,M
27556,2,M
27557,2,M
27558,2,M
27566,2,M
27567,2,M
27570,2,M
27571,2,M
27573,2,M
27574,2,M
27576,2,M
27581,2,M
27582,2,M
27584,2,M
27587,2,M
27590,2,M
27692,2,M
27719,2,M
27720,2,M
27733,2,M
27734,2,M
27739,2,M
27749,2,M
27751,2,M
27755,2,M
27757,2,M
27758,2,M
27759,2,M
27762,2,M
27844,2,M
27846,2,M
27847,2,M
27848,2,M
27851,2,M
27877,2,M
27880,2,M
27906,2,M
27908,2,M
27909,2,M
27913,2,M
27929,2,M
27953,2,M
27960,2,M
27961,2,M
27981,2,M
27985,2,M
27987,2,M
27992,2,M
27993,2,M
27994,2,M
27996,2,M
27997,2,M
27998,2,M
27999,2,M
28001,2,M
28007,2,M
28010,2,M
28011,2,M
28013,2,M
28016,2,M
28059,2,M
28067,2,M
28068,2,M
28070,2,M
28072,2,M
28081,2,M
28082,2,M
28083,2,M
28243,2,M
28257,2,M
28259,2,M
28291,2,M
28299,2,M
28301,2,M
28312,2,M
28313,2,M
28315,2,M
28316,2,M
28318,2,M
28327,2,M
28329,2,M
28330,2,M
28331,2,M
28342,2,M
28343,2,M
28344,2,M
28349,2,M
28360,2,M
28362,2,M
28365,2,M
28369,2,M
28373,2,M
28374,2,M
28379,2,M
28381,2,M
28390,2,M
28393,2,M
28400,2,M
28408,2,M
28490,2,M
28522,2,M
28542,2,M
28543,2,M
28691,2,M
28698,2,M
28699,2,M
28701,2,M
28739,2,M
28740,2,M
28741,2,M
28747,2,M
28753,2,M
28757,2,M
28762,2,M
28763,2,M
28764,2,M
28823,2,M
28826,2,M
28827,2,M
28846,2,M
28847,2,M
28852,2,M
29191,2,M
29194,2,M
29202,2,M
29206,2,M
29208,2,M
29209,2,M
29210,2,M
29213,2,M
29216,2,M
29217,2,M
29221,2,M
29224,2,M
29227,2,M
29228,2,M
29230,2,M
29234,2,M
29265,2,M
29268,2,M
29270,2,M
29271,2,M
29276,2,M
29279,2,M
29281,2,M
29283,2,M
29284,2,M
29287,2,M
29291,2,M
29292,2,M
29293,2,M
29305,2,M
29306,2,M
29308,2,M
29313,2,M
29319,2,M
29321,2,M
16,1,M
35,1,M
106,1,M
124,1,M
133,1,M
161,1,M
162,1,M
170,1,M
179,1,M
192,1,M
202,1,M
214,1,M
317,1,M
335,1,M
393,1,M
395,1,M
419,1,M
427,1,M
434,1,M
471,1,M
535,1,M
550,1,M
553,1,M
692,1,M
693,1,M
696,1,M
715,1,M
721,1,M
723,1,M
738,1,M
767,1,M
769,1,M
786,1,M
787,1,M
801,1,M
868,1,M
873,1,M
876,1,M
894,1,M
922,1,M
959,1,M
987,1,M
1188,1,M
1241,1,M
1325,1,M
1334,1,M
1338,1,M
1366,1,M
1367,1,M
1415,1,M
1530,1,M
1573,1,M
1592,1,M
1609,1,M
1615,1,M
1651,1,M
1716,1,M
1844,1,M
1858,1,M
1869,1,M
1882,1,M
1914,1,M
1995,1,M
2003,1,M
2036,1,M
2044,1,M
2051,1,M
2139,1,M
2194,1,M
2198,1,M
2199,1,M
2210,1,M
2308,1,M
2360,1,M
2373,1,M
2444,1,M
2476,1,M
2489,1,M
2540,1,M
2552,1,M
2561,1,M
2566,1,M
2583,1,M
2598,1,M
2622,1,M
2631,1,M
2637,1,M
2640,1,M
2641,1,M
2643,1,M
2644,1,M
2657,1,M
2822,1,M
2867,1,M
2907,1,M
2959,1,M
2966,1,M
2967,1,M
2982,1,M
3057,1,M
3064,1,M
3138,1,M
3144,1,M
3151,1,M
3264,1,M
3280,1,M
3297,1,M
3302,1,M
3333,1,M
3334,1,M
3339,1,M
3353,1,M
3388,1,M
3402,1,M
3408,1,M
3410,1,M
3441,1,M
3445,1,M
3448,1,M
3451,1,M
3472,1,M
3483,1,M
3508,1,M
3513,1,M
3596,1,M
3615,1,M
3699,1,M
3714,1,M
3804,1,M
3872,1,M
3901,1,M
4138,1,M
4185,1,M
4191,1,M
4347,1,M
4394,1,M
4443,1,M
4573,1,M
4640,1,M
4699,1,M
4714,1,M
4723,1,M
4726,1,M
4841,1,M
4864,1,M
4865,1,M
4931,1,M
5034,1,M
5154,1,M
5360,1,M
5408,1,M
5411,1,M
5445,1,M
5464,1,M
5565,1,M
5571,1,M
5662,1,M
5736,1,M
6820,1,M
7652,1,M
7689,1,M
7719,1,M
7981,1,M
8043,1,M
8081,1,M
8110,1,M
8140,1,M
11289,1,M
11292,1,M
11304,1,M
11322,1,M
11331,1,M
11354,1,M
11371,1,M
11407,1,M
11488,1,M
11494,1,M
11501,1,M
11508,1,M
11512,1,M
11514,1,M
11516,1,M
11517,1,M
11520,1,M
11521,1,M
16142,1,M
16148,1,M
17911,1,M
18085,1,M
18288,1,M
18562,1,M
18568,1,M
18576,1,M
18579,1,M
18592,1,M
18733,1,M
18769,1,M
18801,1,M
18803,1,M
18805,1,M
18896,1,M
18907,1,M
18919,1,M
18966,1,M
18988,1,M
18992,1,M
18998,1,M
19001,1,M
19003,1,M
19011,1,M
19362,1,M
19406,1,M
19407,1,M
19408,1,M
19410,1,M
19415,1,M
19428,1,M
19431,1,M
19434,1,M
19435,1,M
19436,1,M
19480,1,M
19481,1,M
19484,1,M
19543,1,M
19558,1,M
19561,1,M
19564,1,M
19565,1,M
19566,1,M
19576,1,M
19600,1,M
19631,1,M
19637,1,M
19643,1,M
19644,1,M
20392,1,M
20399,1,M
20472,1,M
20476,1,M
20481,1,M
20497,1,M
20498,1,M
20765,1,M
21203,1,M
21234,1,M
22386,1,M
22392,1,M
22398,1,M
22404,1,M
22530,1,M
22569,1,M
22574,1,M
22586,1,M
22593,1,M
23415,1,M
23417,1,M
23418,1,M
23421,1,M
23425,1,M
23428,1,M
23432,1,M
23436,1,M
23454,1,M
23475,1,M
23490,1,M
23508,1,M
23509,1,M
23521,1,M
23573,1,M
23574,1,M
23575,1,M
23581,1,M
23598,1,M
23719,1,M
23721,1,M
23725,1,M
23875,1,M
23876,1,M
23904,1,M
24651,1,M
24807,1,M
24809,1,M
24835,1,M
24844,1,M
24906,1,M
24921,1,M
24987,1,M
24999,1,M
25053,1,M
25056,1,M
25077,1,M
25088,1,M
25133,1,M
25167,1,M
25173,1,M
25194,1,M
25207,1,M
25229,1,M
25231,1,M
25489,1,M
25494,1,M
25503,1,M
25527,1,M
25532,1,M
25535,1,M
25539,1,M
25550,1,M
25551,1,M
25574,1,M
25576,1,M
25677,1,M
25852,1,M
25876,1,M
25881,1,M
25900,1,M
25997,1,M
26534,1,M
26537,1,M
26544,1,M
26618,1,M
26631,1,M
26699,1,M
26705,1,M
26785,1,M
26787,1,M
26817,1,M
26819,1,M
26838,1,M
26844,1,M
26853,1,M
26862,1,M
26863,1,M
26864,1,M
26889,1,M
26895,1,M
26906,1,M
26910,1,M
26915,1,M
26921,1,M
26968,1,M
26972,1,M
26973,1,M
26974,1,M
26976,1,M
26989,1,M
26997,1,M
27001,1,M
27007,1,M
27008,1,M
27011,1,M
27025,1,M
27026,1,M
27032,1,M
27033,1,M
27034,1,M
27036,1,M
27037,1,M
27041,1,M
27045,1,M
27046,1,M
27077,1,M
27087,1,M
27093,1,M
27111,1,M
27118,1,M
27120,1,M
27121,1,M
27125,1,M
27128,1,M
27130,1,M
27131,1,M
27132,1,M
27133,1,M
27135,1,M
27136,1,M
27140,1,M
27141,1,M
27144,1,M
27187,1,M
27202,1,M
27205,1,M
27214,1,M
27218,1,M
27219,1,M
27222,1,M
27223,1,M
27224,1,M
27238,1,M
27239,1,M
27240,1,M
27241,1,M
27297,1,M
27299,1,M
27300,1,M
27303,1,M
27307,1,M
27309,1,M
27310,1,M
27315,1,M
27316,1,M
27319,1,M
27320,1,M
27328,1,M
27329,1,M
27378,1,M
27379,1,M
27380,1,M
27388,1,M
27392,1,M
27397,1,M
27398,1,M
27401,1,M
27403,1,M
27404,1,M
27406,1,M
27407,1,M
27408,1,M
27409,1,M
27411,1,M
27414,1,M
27415,1,M
27443,1,M
27451,1,M
27452,1,M
27456,1,M
27458,1,M
27462,1,M
27463,1,M
27464,1,M
27465,1,M
27470,1,M
27472,1,M
27474,1,M
27477,1,M
27478,1,M
27480,1,M
27481,1,M
27484,1,M
27488,1,M
27489,1,M
27493,1,M
27505,1,M
27510,1,M
27513,1,M
27515,1,M
27517,1,M
27549,1,M
27550,1,M
27551,1,M
27552,1,M
27555,1,M
27559,1,M
27561,1,M
27562,1,M
27563,1,M
27564,1,M
27575,1,M
27578,1,M
27579,1,M
27580,1,M
27583,1,M
27586,1,M
27589,1,M
27591,1,M
27592,1,M
27593,1,M
27594,1,M
27595,1,M
27596,1,M
27597,1,M
27598,1,M
27599,1,M
27600,1,M
27693,1,M
27695,1,M
27697,1,M
27700,1,M
27702,1,M
27703,1,M
27704,1,M
27705,1,M
27706,1,M
27707,1,M
27710,1,M
27713,1,M
27714,1,M
27716,1,M
27721,1,M
27723,1,M
27725,1,M
27726,1,M
27727,1,M
27728,1,M
27730,1,M
27731,1,M
27732,1,M
27735,1,M
27736,1,M
27737,1,M
27740,1,M
27741,1,M
27753,1,M
27756,1,M
27764,1,M
27765,1,M
27840,1,M
27841,1,M
27845,1,M
27849,1,M
27850,1,M
27852,1,M
27879,1,M
27881,1,M
27885,1,M
27907,1,M
27912,1,M
27914,1,M
27915,1,M
27916,1,M
27919,1,M
27921,1,M
27922,1,M
27923,1,M
27924,1,M
27925,1,M
27926,1,M
27927,1,M
27928,1,M
27930,1,M
27950,1,M
27951,1,M
27954,1,M
27955,1,M
27956,1,M
27957,1,M
27959,1,M
27962,1,M
27963,1,M
27964,1,M
27976,1,M
27978,1,M
27980,1,M
27984,1,M
27990,1,M
27991,1,M
28000,1,M
28003,1,M
28004,1,M
28009,1,M
28012,1,M
28014,1,M
28015,1,M
28053,1,M
28055,1,M
28058,1,M
28060,1,M
28062,1,M
28063,1,M
28064,1,M
28069,1,M
28075,1,M
28076,1,M
28079,1,M
28084,1,M
28248,1,M
28249,1,M
28250,1,M
28251,1,M
28252,1,M
28255,1,M
28258,1,M
28290,1,M
28292,1,M
28293,1,M
28294,1,M
28296,1,M
28298,1,M
28300,1,M
28302,1,M
28303,1,M
28304,1,M
28305,1,M
28306,1,M
28307,1,M
28308,1,M
28323,1,M
28325,1,M
28326,1,M
28332,1,M
28345,1,M
28346,1,M
28350,1,M
28351,1,M
28352,1,M
28361,1,M
28363,1,M
28366,1,M
28368,1,M
28378,1,M
28380,1,M
28382,1,M
28384,1,M
28385,1,M
28386,1,M
28391,1,M
28392,1,M
28401,1,M
28402,1,M
28403,1,M
28404,1,M
28405,1,M
28406,1,M
28407,1,M
28412,1,M
28415,1,M
28416,1,M
28419,1,M
28420,1,M
28431,1,M
28432,1,M
28435,1,M
28437,1,M
28452,1,M
28453,1,M
28454,1,M
28455,1,M
28456,1,M
28457,1,M
28458,1,M
28459,1,M
28460,1,M
28492,1,M
28495,1,M
28496,1,M
28497,1,M
28498,1,M
28499,1,M
28508,1,M
28509,1,M
28510,1,M
28520,1,M
28521,1,M
28523,1,M
28524,1,M
28525,1,M
28528,1,M
28529,1,M
28530,1,M
28683,1,M
28684,1,M
28686,1,M
28687,1,M
28688,1,M
28689,1,M
28692,1,M
28693,1,M
28697,1,M
28700,1,M
28738,1,M
28742,1,M
28743,1,M
28744,1,M
28745,1,M
28746,1,M
28748,1,M
28749,1,M
28750,1,M
28751,1,M
28752,1,M
28754,1,M
28755,1,M
28756,1,M
28758,1,M
28759,1,M
28760,1,M
28761,1,M
28765,1,M
28766,1,M
28767,1,M
28768,1,M
28769,1,M
28770,1,M
28780,1,M
28781,1,M
28782,1,M
28784,1,M
28785,1,M
28786,1,M
28787,1,M
28788,1,M
28789,1,M
28802,1,M
28803,1,M
28804,1,M
28805,1,M
28806,1,M
28807,1,M
28808,1,M
28811,1,M
28812,1,M
28817,1,M
28818,1,M
28819,1,M
28820,1,M
28821,1,M
28822,1,M
28824,1,M
28825,1,M
28828,1,M
28829,1,M
28830,1,M
28831,1,M
28848,1,M
28849,1,M
28850,1,M
28851,1,M
28853,1,M
28854,1,M
28855,1,M
28856,1,M
28860,1,M
28861,1,M
29192,1,M
29193,1,M
29195,1,M
29196,1,M
29197,1,M
29198,1,M
29199,1,M
29200,1,M
29201,1,M
29203,1,M
29204,1,M
29205,1,M
29207,1,M
29211,1,M
29212,1,M
29214,1,M
29215,1,M
29218,1,M
29219,1,M
29220,1,M
29222,1,M
29223,1,M
29225,1,M
29226,1,M
29229,1,M
29231,1,M
29232,1,M
29233,1,M
29235,1,M
29236,1,M
29237,1,M
29238,1,M
29239,1,M
29266,1,M
29267,1,M
29269,1,M
29272,1,M
29273,1,M
29274,1,M
29275,1,M
29277,1,M
29278,1,M
29280,1,M
29282,1,M
29285,1,M
29286,1,M
29288,1,M
29289,1,M
29290,1,M
29309,1,M
29310,1,M
29311,1,M
29312,1,M
29314,1,M
29315,1,M
29316,1,M
29317,1,M
29318,1,M
29320,1,M
29322,1,M
29323,1,M
29344,1,M
