split,ablation_type,removed,r2,rmse,mae,n_train,n_test,k,baseline_r2,baseline_rmse,baseline_mae,delta_r2,delta_rmse,delta_mae
train_2023_test_2024,baseline,,0.9037987779597175,1.5749261611448562,0.42812387320425627,2235.0,1249.0,,0.9037987779597175,1.5749261611448562,0.42812387320425627,0.0,0.0,0.0
train_2023_test_2025,baseline,,0.7939354420623053,2.896137779010963,0.96736821016113,2235.0,915.0,,0.7939354420623053,2.896137779010963,0.96736821016113,0.0,0.0,0.0
train_2023_2024_test_2025,baseline,,0.8494696282654395,2.4753102206276405,0.8249555976942768,3484.0,915.0,,0.8494696282654395,2.4753102206276405,0.8249555976942768,0.0,0.0,0.0
train_2023_test_2024,single_feature,gender_encoded,0.9046718644912564,1.5677631496891884,0.43217123751290176,2235.0,1249.0,,0.9037987779597175,1.5749261611448562,0.42812387320425627,0.0008730865315388359,-0.007163011455667778,0.004047364308645496
train_2023_test_2025,single_feature,gender_encoded,0.7937453711864141,2.897473148304235,0.9666691154612849,2235.0,915.0,,0.7939354420623053,2.896137779010963,0.96736821016113,-0.00019007087589117955,0.0013353692932720485,-0.000699094699845082
train_2023_2024_test_2025,single_feature,gender_encoded,0.8403232812969027,2.549402267320056,0.8337545552288665,3484.0,915.0,,0.8494696282654395,2.4753102206276405,0.8249555976942768,-0.009146346968536778,0.07409204669241554,0.008798957534589702
train_2023_test_2024,single_feature,year,0.9033354532637532,1.5787141883658788,0.4275704268314787,2235.0,1249.0,,0.9037987779597175,1.5749261611448562,0.42812387320425627,-0.0004633246959643289,0.0037880272210226718,-0.000553446372777544
train_2023_test_2025,single_feature,year,0.7884810248696985,2.934217039296147,0.9717965798561482,2235.0,915.0,,0.7939354420623053,2.896137779010963,0.96736821016113,-0.005454417192606753,0.03807926028518427,0.004428369695018253
train_2023_2024_test_2025,single_feature,year,0.8449536306153851,2.5121662026612492,0.8245446647497916,3484.0,915.0,,0.8494696282654395,2.4753102206276405,0.8249555976942768,-0.004515997650054393,0.036855982033608736,-0.00041093294448524276
train_2023_test_2024,single_feature,num_races,0.9024735308098417,1.585736977072866,0.43287325548778066,2235.0,1249.0,,0.9037987779597175,1.5749261611448562,0.42812387320425627,-0.0013252471498758078,0.01081081592800981,0.004749382283524395
train_2023_test_2025,single_feature,num_races,0.7930886458541027,2.9020823339149615,0.9763089181612314,2235.0,915.0,,0.7939354420623053,2.896137779010963,0.96736821016113,-0.0008467962082026048,0.0059445549039987,0.008940708000101494
train_2023_2024_test_2025,single_feature,num_races,0.8421921166149781,2.5344394232297716,0.8283588022861674,3484.0,915.0,,0.8494696282654395,2.4753102206276405,0.8249555976942768,-0.007277511650461421,0.05912920260213106,0.003403204591890585
train_2023_test_2024,single_feature,season_duration,0.9023296670555674,1.58690612637456,0.4333481336399685,2235.0,1249.0,,0.9037987779597175,1.5749261611448562,0.42812387320425627,-0.0014691109041501393,0.011979965229703904,0.005224260435712225
train_2023_test_2025,single_feature,season_duration,0.7891642347875842,2.9294744208299233,0.9801341046622946,2235.0,915.0,,0.7939354420623053,2.896137779010963,0.96736821016113,-0.004771207274721023,0.033336641818960455,0.01276589450116461
train_2023_2024_test_2025,single_feature,season_duration,0.846033724070256,2.5034007077525557,0.8245595390822126,3484.0,915.0,,0.8494696282654395,2.4753102206276405,0.8249555976942768,-0.00343590419518347,0.028090487124915242,-0.00039605861206426507
train_2023_test_2024,single_feature,first_time,0.906225830601774,1.5549324097360666,0.4263500462701412,2235.0,1249.0,,0.9037987779597175,1.5749261611448562,0.42812387320425627,0.0024270526420564487,-0.019993751408789562,-0.0017738269341150414
train_2023_test_2025,single_feature,first_time,0.79194570067599,2.910086614531115,0.9672523517030406,2235.0,915.0,,0.7939354420623053,2.896137779010963,0.96736821016113,-0.001989741386315247,0.013948835520152247,-0.00011585845808936845
train_2023_2024_test_2025,single_feature,first_time,0.8442999740636956,2.517456126010176,0.8342947076421233,3484.0,915.0,,0.8494696282654395,2.4753102206276405,0.8249555976942768,-0.005169654201743867,0.04214590538253571,0.00933910994784648
train_2023_test_2024,single_feature,last_time,0.9033312409845432,1.578748585219405,0.4385968003622213,2235.0,1249.0,,0.9037987779597175,1.5749261611448562,0.42812387320425627,-0.0004675369751743208,0.0038224240745488025,0.01047292715796505
train_2023_test_2025,single_feature,last_time,0.7897086186561834,2.9256899837454267,0.9804282388497324,2235.0,915.0,,0.7939354420623053,2.896137779010963,0.96736821016113,-0.0042268234061219045,0.02955220473446385,0.013060028688602454
train_2023_2024_test_2025,single_feature,last_time,0.8377025894416887,2.570238137222239,0.8505035142034695,3484.0,915.0,,0.8494696282654395,2.4753102206276405,0.8249555976942768,-0.011767038823750742,0.09492791659459865,0.025547916509192636
train_2023_test_2024,single_feature,best_time,0.9051693578400353,1.5636669193801283,0.4232689212835007,2235.0,1249.0,,0.9037987779597175,1.5749261611448562,0.42812387320425627,0.001370579880317746,-0.011259241764727923,-0.004854951920755579
train_2023_test_2025,single_feature,best_time,0.7936314108046523,2.89827349773217,0.96405079873555,2235.0,915.0,,0.7939354420623053,2.896137779010963,0.96736821016113,-0.00030403125765299244,0.0021357187212069917,-0.0033174114255799525
train_2023_2024_test_2025,single_feature,best_time,0.8404173058768005,2.548651557457939,0.8366958235531722,3484.0,915.0,,0.8494696282654395,2.4753102206276405,0.8249555976942768,-0.009052322388638956,0.07334133683029842,0.011740225858895337
train_2023_test_2024,single_feature,worst_time,0.9045891717938777,1.568442982880512,0.4276951037168952,2235.0,1249.0,,0.9037987779597175,1.5749261611448562,0.42812387320425627,0.0007903938341601302,-0.0064831782643441915,-0.00042876948736109144
train_2023_test_2025,single_feature,worst_time,0.7963209722648441,2.879325242214043,0.9629574862128046,2235.0,915.0,,0.7939354420623053,2.896137779010963,0.96736821016113,0.0023855302025388436,-0.01681253679691963,-0.0044107239483253124
train_2023_2024_test_2025,single_feature,worst_time,0.8391748547980716,2.558553744314036,0.8360255479983896,3484.0,915.0,,0.8494696282654395,2.4753102206276405,0.8249555976942768,-0.010294773467367846,0.08324352368639554,0.01106995030411273
train_2023_test_2024,single_feature,avg_time,0.9055713458556708,1.5603492000354051,0.42689895033087844,2235.0,1249.0,,0.9037987779597175,1.5749261611448562,0.42812387320425627,0.0017725678959532587,-0.014576961109451059,-0.0012249228733778317
train_2023_test_2025,single_feature,avg_time,0.795491770573159,2.885180327861504,0.9704182067651629,2235.0,915.0,,0.7939354420623053,2.896137779010963,0.96736821016113,0.001556328510853744,-0.010957451149459008,0.003049996604032934
train_2023_2024_test_2025,single_feature,avg_time,0.8375553666528792,2.5714036267125087,0.8360142928181056,3484.0,915.0,,0.8494696282654395,2.4753102206276405,0.8249555976942768,-0.011914261612560262,0.09609340608486816,0.011058695123828732
train_2023_test_2024,single_feature,time_std,0.9071052754744525,1.5476239012768358,0.43063973770688946,2235.0,1249.0,,0.9037987779597175,1.5749261611448562,0.42812387320425627,0.003306497514734996,-0.027302259868020373,0.0025158645026331916
train_2023_test_2025,single_feature,time_std,0.7969738260837669,2.874706977788482,0.9662009339655068,2235.0,915.0,,0.7939354420623053,2.896137779010963,0.96736821016113,0.0030383840214616153,-0.021430801222480866,-0.0011672761956231792
train_2023_2024_test_2025,single_feature,time_std,0.8442919511617893,2.517520984841304,0.8365783244656556,3484.0,915.0,,0.8494696282654395,2.4753102206276405,0.8249555976942768,-0.005177677103650136,0.04221076421366332,0.011622726771378766
train_2023_test_2024,single_feature,time_range,0.9048850338910169,1.5660092804456003,0.42746251851662753,2235.0,1249.0,,0.9037987779597175,1.5749261611448562,0.42812387320425627,0.001086255931299407,-0.008916880699255891,-0.0006613546876287346
train_2023_test_2025,single_feature,time_range,0.7957413128937397,2.8834195323182397,0.9714606027952437,2235.0,915.0,,0.7939354420623053,2.896137779010963,0.96736821016113,0.001805870831434464,-0.012718246692723145,0.004092392634113762
train_2023_2024_test_2025,single_feature,time_range,0.8417368001806871,2.538093045337837,0.8381187869477077,3484.0,915.0,,0.8494696282654395,2.4753102206276405,0.8249555976942768,-0.007732828084752397,0.06278282471019647,0.013163189253430851
train_2023_test_2024,single_feature,cv_time,0.9038564292615224,1.5744541809106811,0.43013202374109,2235.0,1249.0,,0.9037987779597175,1.5749261611448562,0.42812387320425627,5.7651301804906296e-05,-0.0004719802341750512,0.0020081505368337305
train_2023_test_2025,single_feature,cv_time,0.7939917863676434,2.8957418059500655,0.9668115687256762,2235.0,915.0,,0.7939354420623053,2.896137779010963,0.96736821016113,5.634430533818513e-05,-0.00039597306089733664,-0.000556641435453753
train_2023_2024_test_2025,single_feature,cv_time,0.8403493702447898,2.549193990432827,0.8309052382894117,3484.0,915.0,,0.8494696282654395,2.4753102206276405,0.8249555976942768,-0.00912025802064964,0.07388376980518663,0.005949640595134809
train_2023_test_2024,single_feature,race_frequency,0.8996423683082397,1.6085890375362997,0.43765596921378735,2235.0,1249.0,,0.9037987779597175,1.5749261611448562,0.42812387320425627,-0.004156409651477788,0.0336628763914435,0.009532096009531088
train_2023_test_2025,single_feature,race_frequency,0.7820463191761119,2.9785141792555065,0.9820637011291001,2235.0,915.0,,0.7939354420623053,2.896137779010963,0.96736821016113,-0.01188912288619337,0.08237640024454373,0.014695490967970182
train_2023_2024_test_2025,single_feature,race_frequency,0.8480591482196935,2.4868800955938575,0.8234094494855085,3484.0,915.0,,0.8494696282654395,2.4753102206276405,0.8249555976942768,-0.0014104800457459543,0.011569874966216975,-0.0015461482087683054
train_2023_test_2024,single_feature,starting_percentile,0.9050259148314811,1.5648490917615583,0.43043556427819346,2235.0,1249.0,,0.9037987779597175,1.5749261611448562,0.42812387320425627,0.0012271368717635678,-0.010077069383297887,0.0023116910739371943
train_2023_test_2025,single_feature,starting_percentile,0.795352827484971,2.8861602585961093,0.9675395398139723,2235.0,915.0,,0.7939354420623053,2.896137779010963,0.96736821016113,0.0014173854226657845,-0.009977520414853558,0.0001713296528423891
train_2023_2024_test_2025,single_feature,starting_percentile,0.8388974583668636,2.560759331933952,0.8348465980120833,3484.0,915.0,,0.8494696282654395,2.4753102206276405,0.8249555976942768,-0.0105721698985759,0.08544911130631139,0.009891000317806431
train_2023_test_2024,single_feature,gender_year,0.9062621010941199,1.5546316679700711,0.42726718765610777,2235.0,1249.0,,0.9037987779597175,1.5749261611448562,0.42812387320425627,0.00246332313440234,-0.020294493174785044,-0.0008566855481484947
train_2023_test_2025,single_feature,gender_year,0.7976401468974003,2.869985785287756,0.9697528254266644,2235.0,915.0,,0.7939354420623053,2.896137779010963,0.96736821016113,0.0037047048350949963,-0.026151993723206868,0.002384615265534462
train_2023_2024_test_2025,single_feature,gender_year,0.8482419056604819,2.485384011466783,0.8259174825767235,3484.0,915.0,,0.8494696282654395,2.4753102206276405,0.8249555976942768,-0.0012277226049576262,0.010073790839142394,0.0009618848824466397
train_2023_test_2024,single_feature,starting_percentile_squared,0.9052925166997379,1.5626512033737232,0.42828795247391516,2235.0,1249.0,,0.9037987779597175,1.5749261611448562,0.42812387320425627,0.001493738740020345,-0.012274957771132966,0.00016407926965888997
train_2023_test_2025,single_feature,starting_percentile_squared,0.7988729604084098,2.861230188631273,0.96084825553929,2235.0,915.0,,0.7939354420623053,2.896137779010963,0.96736821016113,0.0049375183461045635,-0.0349075903796896,-0.006519954621839963
train_2023_2024_test_2025,single_feature,starting_percentile_squared,0.8438749043070131,2.520890181648166,0.8303050309718398,3484.0,915.0,,0.8494696282654395,2.4753102206276405,0.8249555976942768,-0.0055947239584264175,0.04557996102052542,0.005349433277562987
train_2023_test_2024,single_feature,num_races_squared,0.9050121164738494,1.564962762575879,0.42489872606894424,2235.0,1249.0,,0.9037987779597175,1.5749261611448562,0.42812387320425627,0.0012133385141318564,-0.0099633985689771,-0.003225147135312023
train_2023_test_2025,single_feature,num_races_squared,0.8007228042585615,2.8480418688938745,0.9595051368264201,2235.0,915.0,,0.7939354420623053,2.896137779010963,0.96736821016113,0.006787362196256197,-0.04809591011708836,-0.007863073334709814
train_2023_2024_test_2025,single_feature,num_races_squared,0.8422176799089895,2.534234138035111,0.8283321000996855,3484.0,915.0,,0.8494696282654395,2.4753102206276405,0.8249555976942768,-0.007251948356449933,0.058923917407470494,0.0033765024054086545
train_2023_test_2024,single_feature,season_duration_squared,0.9031171157726826,1.5804961140344427,0.43202363381009345,2235.0,1249.0,,0.9037987779597175,1.5749261611448562,0.42812387320425627,-0.0006816621870349149,0.005569952889586505,0.003899760605837188
train_2023_test_2025,single_feature,season_duration_squared,0.7966761791263168,2.8768134411882587,0.9747837893948004,2235.0,915.0,,0.7939354420623053,2.896137779010963,0.96736821016113,0.002740737064011567,-0.019324337822704152,0.007415579233670422
train_2023_2024_test_2025,single_feature,season_duration_squared,0.8424895959313354,2.5320494952504298,0.8336115025001739,3484.0,915.0,,0.8494696282654395,2.4753102206276405,0.8249555976942768,-0.006980032334104047,0.05673927462278927,0.008655904805897063
train_2023_test_2024,single_feature,best_to_avg_ratio,0.9035472949596218,1.5769833525299584,0.43188289222245374,2235.0,1249.0,,0.9037987779597175,1.5749261611448562,0.42812387320425627,-0.000251483000095698,0.002057191385102186,0.0037590190181974736
train_2023_test_2025,single_feature,best_to_avg_ratio,0.7953649948236179,2.8860744587025415,0.970641968699602,2235.0,915.0,,0.7939354420623053,2.896137779010963,0.96736821016113,0.0014295527613126247,-0.010063320308421275,0.0032737585384720047
train_2023_2024_test_2025,single_feature,best_to_avg_ratio,0.8436081839752169,2.5230425766280575,0.8387697565977176,3484.0,915.0,,0.8494696282654395,2.4753102206276405,0.8249555976942768,-0.005861444290222617,0.04773235600041703,0.013814158903440732
train_2023_test_2024,single_feature,worst_to_avg_ratio,0.9046095871594748,1.568275171477063,0.42609648083300183,2235.0,1249.0,,0.9037987779597175,1.5749261611448562,0.42812387320425627,0.0008108091997572897,-0.006650989667793095,-0.002027392371254433
train_2023_test_2025,single_feature,worst_to_avg_ratio,0.8006595338820228,2.8484939587076665,0.9646332623130051,2235.0,915.0,,0.7939354420623053,2.896137779010963,0.96736821016113,0.006724091819717559,-0.04764382030329628,-0.0027349478481248912
train_2023_2024_test_2025,single_feature,worst_to_avg_ratio,0.8469314445160413,2.496091836236623,0.8215902497705962,3484.0,915.0,,0.8494696282654395,2.4753102206276405,0.8249555976942768,-0.002538183749398182,0.020781615608982396,-0.003365347923680595
train_2023_test_2024,single_feature,variability_score,0.9053669577351027,1.5620369528591098,0.4276539287606208,2235.0,1249.0,,0.9037987779597175,1.5749261611448562,0.42812387320425627,0.0015681797753851479,-0.012889208285746356,-0.0004699444436354616
train_2023_test_2025,single_feature,variability_score,0.7980775997401055,2.8668820009452336,0.9598166898882703,2235.0,915.0,,0.7939354420623053,2.896137779010963,0.96736821016113,0.00414215767780024,-0.02925577806572921,-0.0075515202728596575
train_2023_2024_test_2025,single_feature,variability_score,0.8435034465862911,2.5238872904666185,0.8330322443460817,3484.0,915.0,,0.8494696282654395,2.4753102206276405,0.8249555976942768,-0.005966181679148419,0.048577069838978026,0.008076646651804853
train_2023_test_2024,single_feature,consistency_score,0.9048033831157353,1.5666813010931302,0.4304167635553241,2235.0,1249.0,,0.9037987779597175,1.5749261611448562,0.42812387320425627,0.001004605156017746,-0.008244860051725977,0.0022928903510678333
train_2023_test_2025,single_feature,consistency_score,0.7944676689407402,2.892395265106016,0.9664452444073796,2235.0,915.0,,0.7939354420623053,2.896137779010963,0.96736821016113,0.0005322268784349049,-0.0037425139049469536,-0.0009229657537503932
train_2023_2024_test_2025,single_feature,consistency_score,0.8502488241175571,2.468895389248617,0.8202932773758078,3484.0,915.0,,0.8494696282654395,2.4753102206276405,0.8249555976942768,0.000779195852117609,-0.0064148313790233225,-0.0046623203184690265
train_2023_test_2024,single_feature,experience_level,0.9073451802622496,1.545624205336586,0.4408613628940125,2235.0,1249.0,,0.9037987779597175,1.5749261611448562,0.42812387320425627,0.0035464023025321145,-0.029301955808270108,0.012737489689756243
train_2023_test_2025,single_feature,experience_level,0.7900601285993104,2.923243760726466,0.9984370191199985,2235.0,915.0,,0.7939354420623053,2.896137779010963,0.96736821016113,-0.003875313462994856,0.02710598171550327,0.031068808958868543
train_2023_2024_test_2025,single_feature,experience_level,0.8339744199954948,2.5995912772061156,0.8564154186058623,3484.0,915.0,,0.8494696282654395,2.4753102206276405,0.8249555976942768,-0.01549520826994466,0.1242810565784751,0.0314598209115855
train_2023_test_2024,single_feature,slope,0.8973119624016347,1.6271583901511717,0.42375523971180057,2235.0,1249.0,,0.9037987779597175,1.5749261611448562,0.42812387320425627,-0.006486815558082837,0.05223222900631552,-0.004368633492455698
train_2023_test_2025,single_feature,slope,0.78824110342199,2.9358806774752875,0.9445121274904286,2235.0,915.0,,0.7939354420623053,2.896137779010963,0.96736821016113,-0.005694338640315211,0.03974289846432466,-0.022856082670701383
train_2023_2024_test_2025,single_feature,slope,0.8287226087915996,2.6403870114323964,0.8569929265778639,3484.0,915.0,,0.8494696282654395,2.4753102206276405,0.8249555976942768,-0.020747019473839834,0.1650767908047559,0.03203732888358701
train_2023_test_2024,single_feature,avg_days_between_races,0.9043746760468307,1.5702050233461122,0.42975461524680214,2235.0,1249.0,,0.9037987779597175,1.5749261611448562,0.42812387320425627,0.0005758980871132247,-0.004721137798743946,0.001630742042545874
train_2023_test_2025,single_feature,avg_days_between_races,0.7956588459251389,2.884001546418486,0.9681988570966652,2235.0,915.0,,0.7939354420623053,2.896137779010963,0.96736821016113,0.00172340386283365,-0.012136232592476759,0.0008306469355352508
train_2023_2024_test_2025,single_feature,avg_days_between_races,0.8429897226608305,2.528026419872996,0.8321037910750824,3484.0,915.0,,0.8494696282654395,2.4753102206276405,0.8249555976942768,-0.006479905604608982,0.05271619924535553,0.007148193380805523
train_2023_test_2024,single_feature,race_to_race_improvement_std,0.9051481087043062,1.5638420985666728,0.43079389658429773,2235.0,1249.0,,0.9037987779597175,1.5749261611448562,0.42812387320425627,0.0013493307445886504,-0.011084062578183396,0.002670023380041464
train_2023_test_2025,single_feature,race_to_race_improvement_std,0.7962161495999569,2.8800660640007996,0.9721392572110451,2235.0,915.0,,0.7939354420623053,2.896137779010963,0.96736821016113,0.0022807075376516384,-0.016071715010163246,0.004771047049915156
train_2023_2024_test_2025,single_feature,race_to_race_improvement_std,0.8501711314355584,2.469535752273147,0.8311941979504296,3484.0,915.0,,0.8494696282654395,2.4753102206276405,0.8249555976942768,0.0007015031701189667,-0.005774468354493578,0.006238600256152749
train_2023_test_2024,single_feature,best_race_timing,0.9041164195388861,1.5723239298403577,0.4316654544141119,2235.0,1249.0,,0.9037987779597175,1.5749261611448562,0.42812387320425627,0.0003176415791685816,-0.002602231304498437,0.0035415812098556487
train_2023_test_2025,single_feature,best_race_timing,0.8008165756503224,2.847371706225271,0.968830043898207,2235.0,915.0,,0.7939354420623053,2.896137779010963,0.96736821016113,0.006881133588017119,-0.04876607278569178,0.0014618337370770895
train_2023_2024_test_2025,single_feature,best_race_timing,0.849167527401624,2.4777928377062666,0.8238092095772591,3484.0,915.0,,0.8494696282654395,2.4753102206276405,0.8249555976942768,-0.00030210086381543544,0.0024826170786260704,-0.001146388117017727
train_2023_test_2024,single_feature,best_race_timing_ratio,0.9039869742242382,1.5733849108680653,0.4387276211755254,2235.0,1249.0,,0.9037987779597175,1.5749261611448562,0.42812387320425627,0.00018819626452071248,-0.001541250276790862,0.010603747971269117
train_2023_test_2025,single_feature,best_race_timing_ratio,0.7886029412440823,2.9333712979976347,1.0120035287812106,2235.0,915.0,,0.7939354420623053,2.896137779010963,0.96736821016113,-0.005332500818223007,0.03723351898667193,0.04463531862008063
train_2023_2024_test_2025,single_feature,best_race_timing_ratio,0.8402805686327974,2.549743220223464,0.8554209878804641,3484.0,915.0,,0.8494696282654395,2.4753102206276405,0.8249555976942768,-0.00918905963264205,0.07443299959582328,0.030465390186187213
train_2023_test_2024,single_feature,bad_race_count,0.8847040025855736,1.7241578270768962,0.42508530619132934,2235.0,1249.0,,0.9037987779597175,1.5749261611448562,0.42812387320425627,-0.019094775374143946,0.14923166593204007,-0.0030385670129269293
train_2023_test_2025,single_feature,bad_race_count,0.7783921876270649,3.0033787336118234,0.9706326299243729,2235.0,915.0,,0.7939354420623053,2.896137779010963,0.96736821016113,-0.015543254435240406,0.10724095460086058,0.003264419763242987
train_2023_2024_test_2025,single_feature,bad_race_count,0.8829782700637114,2.182482776142596,0.7570455323051627,3484.0,915.0,,0.8494696282654395,2.4753102206276405,0.8249555976942768,0.033508641798271954,-0.2928274444850447,-0.06791006538911415
train_2023_test_2024,drop_topk_by_importance,"experience_level,bad_race_count,slope",0.8658686155446533,1.8596666650227942,0.4569660991281845,2235.0,1249.0,3.0,0.9037987779597175,1.5749261611448562,0.42812387320425627,-0.037930162415064195,0.28474050387793803,0.02884222592392821
train_2023_test_2025,drop_topk_by_importance,"experience_level,bad_race_count,slope",0.7639206048631049,3.0998923324091,1.003757443335165,2235.0,915.0,3.0,0.7939354420623053,2.896137779010963,0.96736821016113,-0.030014837199200395,0.20375455339813708,0.036389233174035085
train_2023_2024_test_2025,drop_topk_by_importance,"experience_level,bad_race_count,slope",0.8751239504414474,2.254535840456965,0.812424807085241,3484.0,915.0,3.0,0.8494696282654395,2.4753102206276405,0.8249555976942768,0.025654322176007938,-0.2207743801706754,-0.012530790609035836
train_2023_test_2024,drop_topk_by_importance,"experience_level,bad_race_count,slope,race_frequency,time_std",0.8675918757395613,1.8476819631781454,0.4547571809270555,2235.0,1249.0,5.0,0.9037987779597175,1.5749261611448562,0.42812387320425627,-0.03620690222015621,0.2727558020332892,0.02663330772279926
train_2023_test_2025,drop_topk_by_importance,"experience_level,bad_race_count,slope,race_frequency,time_std",0.7671642805931315,3.078522777168346,1.0229065763033287,2235.0,915.0,5.0,0.7939354420623053,2.896137779010963,0.96736821016113,-0.0267711614691738,0.1823849981573833,0.05553836614219876
train_2023_2024_test_2025,drop_topk_by_importance,"experience_level,bad_race_count,slope,race_frequency,time_std",0.8922672098882731,2.0940715752771717,0.8056147543961477,3484.0,915.0,5.0,0.8494696282654395,2.4753102206276405,0.8249555976942768,0.04279758162283365,-0.3812386453504688,-0.01934084329812913
train_2023_test_2024,drop_topk_by_importance,"experience_level,bad_race_count,slope,race_frequency,time_std,cv_time,best_to_avg_ratio,worst_to_avg_ratio,time_range,season_duration",0.8587715975143293,1.9082309082505735,0.4646127575238894,2235.0,1249.0,10.0,0.9037987779597175,1.5749261611448562,0.42812387320425627,-0.045027180445388226,0.33330474710571734,0.03648888431963315
train_2023_test_2025,drop_topk_by_importance,"experience_level,bad_race_count,slope,race_frequency,time_std,cv_time,best_to_avg_ratio,worst_to_avg_ratio,time_range,season_duration",0.7660906955116865,3.085612013867188,1.0412338074214746,2235.0,915.0,10.0,0.7939354420623053,2.896137779010963,0.96736821016113,-0.02784474655061875,0.18947423485622528,0.0738655972603447
train_2023_2024_test_2025,drop_topk_by_importance,"experience_level,bad_race_count,slope,race_frequency,time_std,cv_time,best_to_avg_ratio,worst_to_avg_ratio,time_range,season_duration",0.888156470734244,2.1336491127211876,0.839392468531001,3484.0,915.0,10.0,0.8494696282654395,2.4753102206276405,0.8249555976942768,0.038686842468804494,-0.3416611079064529,0.01443687083672418
