athlete_id,gender,race_count
1,M,10
2,M,7
3,M,4
4,M,1
5,M,5
6,M,7
7,M,15
8,M,8
9,M,6
10,M,5
11,M,2
12,M,4
13,M,2
14,M,4
15,M,4
16,M,7
17,M,5
18,M,7
19,M,10
20,M,3
21,M,4
22,M,3
23,M,2
24,M,3
25,M,2
26,M,4
27,M,5
28,M,4
29,M,1
30,M,3
31,M,4
32,M,3
33,M,4
34,M,2
35,M,8
36,M,1
37,M,2
38,M,6
39,M,5
40,M,2
41,M,1
42,M,4
43,M,4
44,M,3
45,M,3
46,M,1
47,M,2
48,M,1
49,M,3
50,M,5
51,M,1
52,M,3
53,M,2
54,M,4
55,M,2
56,M,2
57,M,2
58,M,6
59,M,1
60,M,1
61,M,2
62,M,1
63,F,6
64,F,7
65,F,4
66,F,7
67,F,4
68,F,4
69,F,4
70,F,4
71,F,6
72,F,2
73,F,2
74,F,4
75,F,2
76,F,2
77,F,1
78,F,3
79,F,3
80,F,1
81,F,6
82,F,5
83,F,1
84,F,1
85,F,1
86,F,4
87,F,2
88,F,1
89,M,5
90,M,7
91,M,7
92,M,1
93,M,7
94,M,4
95,M,6
96,M,3
97,M,1
98,M,4
99,M,5
100,M,3
101,M,1
102,M,4
103,M,3
104,M,1
105,M,3
106,M,6
107,M,1
108,M,5
109,M,1
110,M,1
112,F,3
113,F,1
114,M,2
115,M,6
116,M,3
117,M,3
118,M,1
119,M,4
120,M,6
121,M,2
122,M,1
123,M,7
124,M,5
125,M,3
126,M,2
127,M,7
128,M,7
129,M,5
130,M,4
131,M,5
132,M,2
133,M,6
134,M,8
135,M,4
136,M,1
138,M,4
139,M,3
140,M,5
141,M,3
142,M,6
143,M,2
144,M,1
145,M,7
146,M,4
147,M,3
148,M,2
149,M,2
150,M,7
151,M,4
152,M,2
153,M,6
154,M,2
155,M,2
156,M,5
157,M,2
158,M,5
159,M,3
160,M,6
161,M,5
162,M,5
163,M,1
164,M,4
165,M,6
166,M,4
167,M,1
168,M,2
169,M,2
170,M,8
171,M,1
172,M,2
173,M,2
174,M,1
175,M,1
176,M,2
177,M,6
178,M,3
179,M,7
180,M,1
181,M,6
182,M,3
183,M,3
184,M,2
185,M,1
186,M,1
187,M,3
188,M,6
189,M,3
190,M,5
191,M,3
192,M,6
193,M,2
194,M,2
195,M,3
196,M,1
197,M,4
198,M,1
199,M,1
200,M,1
201,M,2
202,M,4
203,M,2
204,M,2
205,M,4
206,M,1
207,M,2
208,M,2
209,M,5
210,M,4
211,M,2
212,M,1
213,M,1
214,M,1
215,M,2
216,M,1
217,M,4
218,M,1
219,M,1
220,M,2
221,M,8
222,M,1
223,M,1
224,M,2
225,M,6
226,M,1
227,M,1
228,M,6
229,F,1
230,F,5
231,F,6
232,F,3
233,F,7
234,F,6
235,F,4
236,F,4
237,F,6
238,F,4
239,F,1
240,F,7
241,F,5
242,F,2
243,F,1
244,F,2
245,F,6
246,F,6
247,F,3
248,F,1
249,F,1
250,F,2
251,F,1
252,F,1
253,F,6
254,F,4
255,F,2
256,F,7
257,F,2
258,F,3
259,F,1
260,F,1
261,F,1
262,F,3
263,F,5
264,F,4
265,F,2
266,F,1
267,F,2
268,F,9
269,F,1
270,F,1
271,F,5
272,F,2
273,F,2
274,F,5
275,F,9
276,F,2
277,F,1
278,F,2
279,F,1
280,F,2
281,F,1
282,F,9
283,F,4
284,F,6
285,F,6
286,F,6
287,F,5
288,F,4
289,F,6
290,F,2
291,F,7
292,F,1
293,F,5
294,F,10
295,F,2
296,F,1
297,F,5
298,F,3
299,F,3
300,F,3
301,F,2
302,F,5
303,F,3
304,F,6
305,F,4
306,F,2
307,F,5
308,F,1
309,F,6
310,M,10
311,M,3
312,M,5
313,M,4
314,M,2
315,M,2
316,M,2
317,M,4
318,M,2
319,M,2
320,M,4
321,M,1
322,M,1
323,M,3
324,M,2
325,M,2
326,M,1
327,M,7
328,M,1
329,M,2
330,M,3
331,M,2
332,M,2
333,M,5
334,M,6
335,M,4
336,M,1
337,M,2
338,M,1
339,M,2
340,M,2
341,M,1
342,M,2
343,M,1
344,M,5
345,M,3
346,M,6
347,M,4
348,M,1
349,M,1
350,M,4
351,M,4
352,M,1
353,M,4
354,M,1
355,F,4
356,F,4
357,F,9
358,F,7
359,F,3
360,F,8
361,F,3
362,F,4
363,M,8
364,M,11
365,M,4
366,M,5
367,M,7
368,M,10
369,M,4
370,M,10
371,M,7
372,M,4
373,M,1
374,M,4
375,M,9
376,M,3
377,M,1
378,M,4
379,M,4
380,M,4
381,M,4
382,M,6
383,M,1
384,F,6
385,F,4
386,F,3
387,F,2
388,F,2
389,F,1
390,F,1
391,F,5
392,F,1
393,M,5
394,M,6
395,M,3
396,M,3
397,M,3
398,M,2
399,M,5
400,M,3
401,M,3
402,M,3
403,M,2
404,F,7
405,F,1
406,F,5
407,F,1
408,F,8
409,F,7
410,F,1
411,F,2
412,F,3
413,F,2
414,M,7
415,M,6
416,M,3
417,M,7
418,M,3
419,M,5
420,M,8
421,M,6
422,M,4
423,M,4
424,M,2
425,M,1
426,M,4
427,M,3
428,M,2
429,M,2
430,M,2
431,M,1
432,M,1
433,M,7
434,M,3
435,M,8
436,M,5
437,M,8
438,M,2
439,M,1
440,M,3
441,M,1
442,F,2
443,F,2
444,F,1
445,F,6
446,F,4
447,F,1
448,F,8
449,F,2
450,F,1
451,M,3
453,M,2
454,M,8
455,M,2
456,M,1
457,M,2
458,M,7
459,M,2
460,M,2
461,M,2
462,M,3
463,M,3
464,M,2
465,M,2
466,M,9
467,M,8
468,M,5
469,F,1
470,F,1
471,M,4
472,M,2
473,M,1
474,F,5
475,F,1
476,F,6
477,F,2
479,F,3
480,F,4
481,F,5
482,F,2
483,F,4
484,F,1
485,F,2
486,F,2
487,F,2
488,F,1
489,F,3
490,F,5
491,F,1
492,F,2
493,F,2
494,F,1
495,F,2
496,F,1
497,F,6
498,F,3
499,F,1
500,F,3
501,F,1
502,F,1
503,F,2
504,M,7
505,M,3
506,M,7
507,M,8
508,M,6
509,M,7
510,M,3
511,M,2
512,M,7
513,M,7
514,M,1
515,M,7
516,M,4
517,M,5
518,M,2
519,M,1
520,M,2
521,M,8
522,M,1
523,M,8
524,M,4
525,M,4
526,M,4
527,M,4
528,M,4
529,M,7
530,M,4
531,M,6
532,M,6
533,M,2
534,M,4
535,M,6
536,M,2
537,M,5
538,M,4
539,M,3
541,M,2
542,M,2
543,M,2
544,M,3
545,M,2
546,M,2
548,M,5
549,M,4
550,M,4
551,M,6
552,M,6
553,M,2
554,M,4
555,M,1
556,M,3
557,M,1
558,M,1
559,M,1
560,M,1
561,M,4
562,M,1
563,M,3
564,M,1
565,M,4
566,M,2
567,F,4
568,F,3
569,F,3
570,F,6
571,F,2
572,F,3
573,F,6
574,F,6
575,F,6
576,F,3
577,F,8
578,F,6
579,F,2
580,F,5
581,F,4
582,F,3
583,F,6
584,F,2
585,F,1
586,F,4
587,F,4
588,F,4
589,F,4
590,F,4
591,F,6
592,F,1
593,F,1
594,F,5
595,F,2
597,F,1
598,F,3
599,F,2
600,F,2
601,F,2
602,F,2
603,F,2
604,F,4
605,F,1
606,F,5
607,F,3
608,F,1
609,F,1
610,F,1
611,F,1
612,F,5
613,F,3
614,F,2
615,F,3
616,F,4
617,F,6
618,F,3
619,F,2
620,F,7
621,F,8
622,F,3
623,F,4
624,F,3
625,F,2
626,F,6
627,F,4
628,F,2
629,F,1
630,F,2
631,F,3
632,F,8
633,F,2
634,F,2
635,F,4
636,F,2
637,F,1
638,F,6
639,F,2
640,F,1
641,F,1
642,F,3
643,F,8
644,F,2
645,F,2
646,F,4
647,F,6
648,F,5
649,F,2
650,F,4
651,F,1
652,F,6
653,F,1
654,F,1
655,F,7
656,F,1
657,F,1
658,F,3
659,F,1
660,F,1
661,F,3
662,F,3
663,F,4
664,F,1
665,F,2
666,M,8
667,M,9
668,M,4
669,M,10
670,M,4
671,M,7
672,M,5
673,M,8
674,M,8
675,M,6
676,M,8
677,M,8
678,M,5
679,M,1
680,M,9
681,M,5
682,M,2
683,M,6
684,M,3
685,M,7
686,M,3
687,M,3
688,M,3
689,M,8
690,M,4
691,M,7
692,M,4
693,M,4
694,M,5
695,M,7
696,M,6
697,M,2
699,M,6
700,M,4
701,M,4
702,M,4
703,M,2
704,M,8
705,M,8
706,M,7
707,M,4
708,M,7
709,M,5
710,M,4
711,M,5
712,M,5
713,M,1
714,M,6
715,M,4
716,M,1
717,M,8
718,M,2
719,M,1
720,M,4
721,M,5
722,M,3
723,M,3
724,M,2
725,M,3
726,M,3
727,M,4
728,M,4
729,M,1
730,M,5
731,M,6
732,M,6
733,M,3
734,M,7
735,M,5
736,M,3
737,M,7
738,M,2
739,M,2
740,M,6
741,M,3
742,M,7
743,M,9
744,M,2
745,M,3
746,M,3
747,M,3
748,M,3
749,M,1
750,M,3
751,M,3
752,M,6
753,M,5
754,M,4
755,M,2
756,M,4
757,M,3
758,M,5
759,M,2
760,M,6
761,M,4
762,M,4
763,M,2
764,M,4
765,M,2
766,M,1
767,M,3
768,M,1
769,M,3
770,M,3
771,M,5
772,M,5
773,M,1
774,M,1
775,M,2
776,M,1
777,M,1
778,M,6
779,M,1
780,M,1
781,M,7
782,M,2
783,M,1
784,M,4
785,M,1
786,M,5
787,M,4
788,M,1
789,M,1
790,M,7
791,M,1
792,M,3
793,M,1
794,M,3
795,M,2
796,M,3
797,M,1
798,M,1
799,M,3
800,M,1
801,M,6
802,M,6
803,M,1
804,M,3
805,M,2
806,M,2
807,F,4
808,F,1
809,F,4
810,F,4
811,F,4
812,F,2
813,F,4
814,F,2
815,F,1
816,F,2
817,F,4
818,F,1
819,F,3
820,F,5
821,F,1
822,F,4
823,F,3
824,F,5
825,F,2
826,F,6
827,F,1
828,F,2
829,F,9
830,F,1
831,F,4
832,F,4
833,F,5
834,F,2
835,F,1
836,F,5
837,F,1
838,F,1
839,F,8
840,F,1
841,F,4
842,F,4
843,F,2
844,F,4
845,F,2
846,F,6
847,F,1
848,F,3
849,F,1
850,F,3
851,F,2
852,F,4
853,F,3
854,F,1
855,F,8
856,F,1
857,F,1
858,F,1
859,F,1
860,F,4
861,F,5
862,F,2
863,M,5
865,M,1
866,M,7
867,M,9
868,M,7
869,M,1
870,M,4
871,M,1
872,M,1
873,M,6
874,M,6
875,M,1
876,M,1
877,M,7
878,M,3
879,M,3
880,M,1
881,M,8
882,M,8
883,M,1
885,M,7
886,M,4
887,M,5
888,M,1
889,M,3
890,M,8
891,M,4
892,M,4
893,M,1
894,M,3
895,M,8
896,M,1
897,M,1
898,M,3
899,M,1
900,M,6
901,M,1
902,M,4
903,M,1
904,M,3
906,M,3
907,M,1
908,M,2
909,M,1
910,M,9
911,M,1
912,M,3
913,M,4
914,M,1
915,M,1
916,M,2
917,M,2
918,M,4
919,M,4
920,M,1
921,M,1
922,M,5
923,M,1
924,M,8
925,M,1
926,M,5
927,M,4
928,M,3
930,M,1
931,M,7
932,M,4
933,M,1
934,M,5
935,M,1
936,M,6
937,M,2
938,M,2
939,M,3
940,M,1
941,M,5
942,M,1
943,M,1
944,M,4
945,M,1
946,M,3
947,M,5
948,M,4
949,M,1
950,M,1
951,M,5
952,M,1
953,M,5
954,M,2
955,M,3
956,M,1
957,M,2
958,M,1
959,M,2
960,M,1
961,M,2
962,M,1
963,M,7
964,M,8
965,M,1
966,M,2
967,M,3
968,M,1
969,M,3
970,F,1
971,F,2
972,F,3
973,F,1
974,F,1
975,F,1
976,F,2
977,F,1
978,F,2
979,F,2
980,F,1
981,F,1
982,M,2
983,M,1
984,M,4
985,M,2
986,M,1
987,M,1
988,M,1
989,M,1
990,F,1
991,F,4
992,F,4
993,F,1
994,F,5
995,F,1
996,F,6
997,F,1
998,F,2
999,F,1
1000,F,2
1001,F,1
1002,F,1
1003,F,1
1004,F,7
1005,F,1
1006,F,1
1007,F,1
1008,F,6
1010,F,1
1011,F,4
1012,F,2
1013,F,1
1014,F,1
1015,F,3
1016,F,7
1017,F,2
1018,F,3
1019,F,1
1020,F,2
1021,F,4
1022,F,1
1023,F,5
1024,F,4
1025,F,1
1026,F,2
1027,F,1
1028,F,5
1029,F,1
1030,F,1
1031,F,1
1032,F,4
1033,F,4
1034,F,3
1035,F,2
1036,F,2
1037,F,4
1038,F,1
1039,F,2
1040,F,1
1041,F,1
1042,F,1
1043,F,4
1044,F,5
1045,F,1
1046,F,8
1047,F,1
1048,F,2
1049,F,3
1050,F,6
1051,F,1
1052,F,3
1053,F,5
1054,F,3
1055,F,2
1056,F,1
1057,F,5
1058,F,2
1059,F,1
1060,F,6
1061,F,4
1062,F,2
1063,F,4
1064,F,1
1065,F,1
1066,F,2
1067,F,4
1068,F,1
1069,F,1
1070,F,4
1071,F,6
1072,F,1
1073,F,4
1074,F,1
1075,F,9
1076,F,2
1077,F,1
1078,F,3
1079,F,2
1080,F,3
1081,F,4
1082,F,1
1083,F,2
1084,F,2
1085,F,1
1086,F,2
1087,F,1
1088,F,1
1089,F,1
1090,F,1
1091,F,5
1092,F,2
1093,F,1
1094,F,1
1095,F,3
1096,F,5
1097,F,5
1098,F,3
1099,F,1
1100,F,2
1101,F,5
1102,F,4
1103,F,1
1104,F,2
1105,F,1
1106,F,1
1107,F,1
1108,F,4
1110,F,3
1111,F,2
1112,F,3
1113,F,3
1114,F,1
1115,F,1
1116,F,3
1117,F,3
1118,F,1
1119,F,1
1120,F,1
1121,F,1
1122,F,6
1124,F,3
1125,F,1
1126,F,1
1127,F,1
1128,F,6
1129,F,1
1130,F,5
1131,F,1
1132,F,1
1133,F,1
1134,F,3
1135,F,3
1136,F,3
1137,F,1
1138,F,4
1139,F,1
1140,F,1
1141,F,1
1142,F,3
1143,F,1
1144,F,3
1145,F,3
1146,F,1
1147,F,1
1148,F,1
1149,F,3
1150,F,1
1151,F,1
1153,F,6
1154,F,4
1155,F,4
1156,F,2
1157,F,1
1158,F,2
1159,F,1
1160,F,1
1161,F,2
1162,F,1
1163,F,2
1164,F,1
1165,F,1
1166,F,1
1167,F,1
1168,F,1
1169,F,1
1170,F,1
1172,M,2
1173,M,4
1174,M,1
1175,M,2
1176,M,1
1177,M,2
1178,M,1
1179,M,2
1180,M,5
1181,M,4
1182,M,1
1183,M,3
1184,M,5
1185,M,1
1186,M,1
1187,M,1
1188,M,5
1189,M,1
1190,M,2
1191,M,1
1192,M,2
1193,M,1
1194,M,3
1195,M,7
1198,M,7
1199,M,3
1200,M,2
1201,M,5
1203,M,3
1204,M,2
1205,M,8
1207,M,1
1208,M,7
1209,M,4
1210,M,1
1211,M,1
1212,M,1
1213,M,2
1214,M,5
1215,M,1
1216,M,6
1217,M,4
1218,M,2
1219,M,5
1220,M,1
1221,M,2
1222,M,4
1223,M,2
1224,M,3
1225,M,3
1227,M,1
1228,M,4
1229,M,2
1230,M,1
1231,M,4
1232,M,1
1233,M,1
1234,M,3
1235,M,1
1236,M,4
1237,M,1
1238,M,2
1239,M,7
1241,M,4
1243,M,3
1244,M,1
1245,M,1
1246,M,3
1247,M,1
1248,M,4
1249,M,1
1250,M,1
1251,M,3
1252,M,3
1254,M,8
1255,M,3
1256,M,1
1257,M,6
1258,M,3
1259,M,1
1260,M,1
1261,M,6
1262,M,1
1263,M,3
1264,M,2
1265,M,3
1266,M,5
1267,M,4
1268,M,1
1269,M,3
1270,M,2
1271,M,1
1273,M,7
1274,M,1
1275,M,5
1276,M,1
1277,M,3
1278,M,8
1279,M,1
1280,M,3
1281,M,3
1282,M,1
1283,M,3
1284,M,4
1285,M,1
1286,M,4
1287,M,1
1288,M,4
1289,M,4
1290,M,1
1291,M,4
1292,M,1
1293,M,4
1294,M,5
1295,M,3
1296,M,2
1297,M,1
1298,M,3
1299,M,3
1300,M,3
1301,M,5
1302,M,1
1303,M,1
1304,M,4
1305,M,3
1306,M,6
1307,M,2
1308,M,1
1309,M,8
1310,M,1
1311,M,1
1312,M,4
1313,M,2
1314,M,3
1315,M,1
1316,M,1
1317,M,2
1318,M,1
1319,M,3
1320,M,5
1321,M,4
1322,M,2
1323,M,5
1324,M,2
1325,M,4
1326,M,1
1327,M,1
1328,M,1
1329,M,1
1330,M,4
1331,M,2
1332,M,1
1333,M,2
1334,M,3
1335,M,1
1336,M,1
1337,M,1
1338,M,4
1339,M,1
1340,M,2
1341,M,8
1342,M,1
1343,M,1
1344,M,1
1345,M,1
1347,M,1
1348,M,3
1349,M,1
1350,M,1
1351,M,2
1352,M,1
1353,M,1
1354,M,1
1355,M,1
1356,M,3
1357,M,3
1358,M,1
1359,M,1
1360,M,1
1361,M,1
1362,M,1
1363,M,1
1364,M,5
1365,M,1
1366,M,3
1367,M,3
1368,M,1
1369,M,2
1370,M,2
1371,M,1
1372,M,2
1373,M,3
1374,M,1
1375,M,1
1376,M,3
1377,M,2
1378,M,1
1379,M,3
1380,M,2
1381,M,2
1382,M,4
1383,M,1
1384,M,1
1385,M,1
1386,M,2
1387,M,2
1388,M,2
1389,M,1
1390,M,1
1391,M,1
1392,M,1
1393,M,4
1394,M,1
1395,M,8
1396,M,1
1397,M,1
1398,M,1
1399,M,2
1400,M,1
1401,M,4
1402,M,1
1403,M,4
1404,M,1
1405,M,1
1406,M,2
1407,M,1
1408,M,1
1409,M,2
1410,M,1
1411,M,3
1412,M,1
1413,M,1
1414,M,2
1415,M,4
1416,M,1
1417,M,1
1418,M,1
1419,M,3
1420,M,1
1421,M,1
1422,M,1
1423,M,1
1424,M,1
1425,M,3
1426,M,3
1427,M,2
1428,M,3
1429,M,2
1430,M,1
1431,M,1
1432,M,1
1433,M,2
1434,M,2
1435,M,4
1436,M,1
1437,M,6
1438,M,1
1439,M,5
1440,M,1
1441,M,2
1442,M,1
1443,M,1
1444,M,1
1445,M,1
1446,F,1
1447,F,1
1448,F,1
1449,F,3
1450,F,4
1451,F,1
1452,F,4
1454,F,1
1455,F,2
1456,F,3
1457,F,1
1458,F,5
1460,F,1
1461,F,1
1462,F,2
1464,F,2
1465,F,1
1466,F,7
1468,F,2
1469,F,1
1472,F,2
1473,F,1
1478,F,6
1480,F,2
1481,F,1
1483,F,4
1484,F,7
1486,F,5
1487,F,1
1488,F,3
1489,F,5
1490,F,1
1491,F,5
1492,F,4
1493,F,2
1494,F,5
1495,F,1
1497,F,6
1498,F,3
1500,F,1
1501,F,1
1502,F,1
1503,F,3
1504,F,1
1505,F,1
1506,F,2
1507,F,1
1509,F,1
1510,F,1
1511,F,2
1512,F,4
1513,F,5
1514,F,5
1515,F,1
1517,F,1
1518,F,1
1519,F,1
1520,M,4
1522,M,2
1525,M,5
1526,M,3
1527,M,1
1529,M,4
1530,M,8
1533,M,2
1534,M,3
1535,M,6
1536,M,6
1539,M,4
1540,M,1
1541,M,2
1542,M,1
1543,M,7
1546,M,6
1548,M,4
1549,M,1
1551,M,2
1552,M,7
1553,M,1
1554,M,6
1555,M,1
1557,M,5
1558,M,7
1559,M,2
1560,M,2
1561,M,1
1562,M,6
1564,M,1
1565,M,1
1566,M,1
1567,M,4
1568,M,1
1569,M,1
1571,M,2
1572,M,1
1573,M,4
1574,M,1
1575,M,4
1576,M,2
1577,M,2
1578,M,7
1581,M,2
1583,M,3
1584,M,7
1586,M,1
1587,M,4
1589,M,6
1590,M,2
1591,M,1
1592,M,5
1593,M,1
1594,M,4
1595,M,3
1596,M,1
1597,M,5
1598,M,3
1599,M,2
1600,M,1
1601,M,1
1602,M,2
1603,M,1
1604,M,2
1605,M,3
1606,M,3
1607,M,3
1608,M,5
1609,M,7
1610,M,1
1611,M,2
1612,M,7
1613,M,2
1614,M,1
1615,M,6
1616,M,1
1617,F,6
1618,F,2
1619,F,2
1620,F,2
1621,F,6
1622,M,1
1623,M,3
1624,M,1
1625,M,9
1626,M,1
1627,M,1
1628,M,2
1629,M,1
1630,M,2
1631,M,8
1632,M,7
1633,M,1
1634,M,1
1635,M,3
1636,M,4
1637,M,1
1638,M,8
1639,M,7
1640,M,1
1641,M,6
1642,M,1
1643,M,3
1644,M,1
1645,M,1
1646,M,5
1647,M,6
1648,M,1
1649,M,2
1650,M,4
1651,M,4
1652,M,4
1653,M,4
1654,M,3
1655,M,4
1656,M,10
1657,M,8
1658,M,4
1659,M,1
1660,M,4
1661,M,3
1662,M,4
1663,M,7
1664,M,3
1665,M,2
1666,M,2
1667,F,4
1668,F,1
1669,F,1
1670,F,1
1671,F,8
1672,F,1
1673,F,2
1674,F,8
1675,F,3
1676,F,4
1677,F,2
1678,F,3
1679,F,3
1680,F,3
1681,F,2
1682,F,2
1683,F,2
1684,F,3
1685,F,3
1686,F,2
1687,F,6
1688,F,1
1690,F,2
1692,M,3
1693,M,3
1694,M,3
1695,M,2
1696,M,3
1697,M,7
1698,M,1
1699,M,3
1700,M,2
1701,M,4
1702,M,5
1703,M,6
1704,M,5
1705,M,3
1706,F,3
1707,F,2
1708,F,1
1709,F,1
1710,F,1
1711,F,1
1712,M,5
1713,M,1
1714,M,3
1715,M,6
1716,M,3
1717,M,2
1718,M,6
1719,M,4
1720,M,2
1721,M,1
1722,M,2
1723,M,1
1724,F,7
1725,F,3
1726,F,7
1727,F,6
1728,F,3
1729,F,3
1730,F,2
1731,F,2
1732,F,8
1733,F,3
1734,F,3
1735,F,4
1736,F,3
1737,F,2
1738,F,4
1739,F,3
1740,F,7
1741,F,7
1742,F,5
1743,F,4
1744,F,6
1745,F,2
1746,F,5
1747,F,2
1748,F,1
1749,F,2
1750,F,6
1751,F,6
1752,F,6
1753,F,1
1754,F,4
1755,F,1
1756,F,6
1757,F,3
1758,F,1
1759,F,6
1760,F,6
1761,F,4
1762,F,6
1763,F,5
1764,F,4
1765,F,8
1766,F,3
1767,F,5
1768,F,3
1769,F,8
1770,F,1
1771,F,4
1772,F,2
1773,F,4
1774,F,1
1775,F,2
1776,F,4
1777,F,4
1778,F,2
1779,F,3
1780,F,2
1781,F,7
1782,F,3
1783,F,7
1784,F,2
1785,F,2
1786,F,2
1787,F,1
1788,F,2
1789,F,2
1790,F,1
1791,F,7
1792,F,4
1793,F,2
1794,F,1
1795,F,5
1796,F,8
1797,F,5
1798,F,3
1799,F,4
1800,F,6
1801,F,1
1802,F,1
1803,F,1
1804,F,8
1805,F,1
1806,F,1
1807,F,1
1808,M,1
1809,M,8
1810,M,6
1811,M,5
1812,M,2
1813,M,4
1814,M,7
1815,M,5
1816,M,2
1817,M,8
1818,M,4
1819,M,4
1820,M,1
1821,M,3
1822,M,4
1823,M,5
1824,M,3
1825,M,3
1826,M,3
1827,M,8
1828,M,3
1829,M,2
1830,M,1
1831,M,2
1832,M,5
1833,M,2
1834,M,3
1835,M,8
1836,M,5
1837,M,6
1838,M,3
1839,M,4
1840,M,1
1841,M,4
1842,M,3
1843,M,2
1844,M,6
1845,M,2
1846,M,2
1847,M,7
1848,M,2
1849,M,4
1850,M,3
1851,M,3
1852,M,5
1853,M,4
1854,M,1
1855,M,7
1856,M,7
1857,M,4
1858,M,6
1859,M,2
1860,M,1
1861,M,2
1862,M,2
1863,M,8
1864,M,2
1865,M,3
1866,M,2
1867,M,3
1868,M,5
1869,M,4
1870,M,5
1871,M,3
1872,M,2
1873,M,3
1874,M,4
1875,M,3
1876,M,7
1877,M,8
1878,M,3
1879,M,2
1880,M,6
1881,M,5
1882,M,3
1883,M,8
1884,M,2
1885,M,1
1886,M,4
1887,M,4
1888,M,3
1889,M,3
1890,M,3
1891,M,3
1892,M,3
1893,M,1
1894,M,6
1895,M,5
1896,M,2
1897,M,1
1898,M,1
1899,M,4
1900,M,4
1901,M,7
1902,M,1
1903,M,1
1904,M,1
1905,M,4
1906,M,7
1907,M,2
1908,M,6
1909,M,1
1910,M,2
1911,M,2
1912,M,2
1913,M,1
1914,M,3
1915,M,1
1916,M,1
1917,M,4
1918,M,1
1919,M,4
1920,M,3
1921,M,1
1922,M,2
1923,M,1
1924,M,1
1925,F,1
1926,F,3
1927,F,1
1928,F,5
1929,F,6
1930,F,6
1931,F,3
1932,F,2
1933,F,4
1934,F,3
1935,F,5
1936,F,4
1937,F,6
1938,F,1
1939,F,3
1940,F,1
1941,F,2
1942,F,3
1943,F,4
1944,F,1
1945,F,2
1946,F,7
1947,F,6
1948,F,6
1949,F,3
1950,F,2
1951,F,2
1952,F,3
1953,F,7
1954,F,6
1955,F,3
1956,F,3
1957,F,3
1958,F,1
1959,F,1
1960,F,3
1961,F,6
1962,F,5
1963,F,2
1964,F,1
1965,F,3
1966,F,2
1967,F,3
1968,F,3
1969,F,1
1970,F,1
1971,F,4
1972,F,2
1973,F,2
1974,F,1
1975,F,3
1976,F,2
1977,F,1
1978,F,1
1979,F,2
1980,F,1
1981,F,2
1982,F,1
1983,F,6
1984,F,2
1985,F,3
1986,F,2
1987,F,5
1988,F,1
1989,M,3
1990,M,7
1991,M,5
1992,M,2
1993,M,6
1994,M,2
1995,M,6
1996,M,3
1997,M,6
1998,M,3
1999,M,3
2000,M,5
2001,M,5
2002,M,4
2003,M,4
2004,M,3
2005,M,6
2006,M,5
2007,M,5
2008,M,3
2009,M,2
2010,M,1
2011,M,4
2012,M,1
2013,M,6
2014,M,2
2015,M,1
2016,M,1
2017,M,1
2018,M,1
2019,M,2
2020,M,6
2021,M,2
2022,M,7
2023,M,3
2024,M,1
2025,M,1
2026,M,1
2027,M,1
2028,M,1
2029,M,6
2030,M,1
2031,M,2
2032,M,5
2033,M,2
2034,M,5
2035,M,2
2036,M,3
2037,M,4
2038,M,4
2039,M,1
2040,M,4
2041,M,2
2042,M,4
2043,M,3
2044,M,4
2045,M,4
2046,M,1
2047,M,1
2048,M,1
2049,M,1
2050,M,1
2051,M,5
2052,M,1
2053,M,2
2054,M,4
2055,F,1
2056,F,1
2057,M,2
2058,M,1
2059,M,7
2060,M,1
2061,F,7
2062,F,7
2063,F,1
2064,F,7
2065,M,3
2066,M,5
2067,M,2
2068,M,1
2069,M,3
2070,M,5
2071,M,4
2072,F,1
2073,F,2
2074,F,6
2075,F,4
2076,F,1
2077,F,1
2078,F,1
2079,F,6
2080,F,2
2081,F,1
2082,F,2
2083,F,4
2084,F,2
2085,F,5
2086,F,3
2087,F,2
2088,F,1
2089,F,1
2091,F,1
2092,F,1
2093,F,2
2094,F,3
2095,F,1
2096,F,5
2097,F,2
2098,F,2
2099,F,1
2100,F,1
2101,F,1
2102,F,1
2103,F,1
2104,F,1
2105,F,1
2106,F,2
2107,F,1
2108,M,3
2109,M,1
2110,M,4
2111,M,4
2112,M,5
2113,M,5
2114,M,5
2115,M,2
2116,M,6
2117,M,3
2118,M,2
2119,M,4
2120,M,4
2121,M,2
2122,M,5
2123,M,3
2124,M,5
2125,M,2
2126,M,1
2127,M,3
2128,M,3
2129,M,3
2130,M,1
2131,M,1
2132,M,2
2133,M,1
2134,M,3
2135,M,1
2136,M,2
2137,M,1
2138,M,3
2139,M,2
2140,M,3
2141,M,7
2142,M,2
2143,M,1
2144,M,2
2145,M,1
2146,M,1
2147,M,1
2148,M,1
2149,M,1
2150,M,1
2151,M,1
2152,M,1
2153,M,1
2154,M,1
2155,M,1
2156,M,1
2157,M,3
2158,M,1
2159,M,3
2160,F,2
2161,F,2
2162,F,1
2163,F,1
2164,F,1
2165,F,2
2166,F,1
2167,M,1
2168,M,5
2169,M,2
2170,M,3
2171,M,2
2172,M,3
2173,M,7
2174,M,5
2175,M,2
2176,M,7
2177,M,7
2178,M,1
2179,M,4
2180,M,2
2181,M,3
2182,M,2
2183,M,1
2184,M,6
2185,M,1
2186,M,1
2187,F,2
2188,F,4
2189,F,1
2190,F,1
2191,F,1
2192,M,1
2193,M,4
2194,M,3
2195,M,3
2196,M,1
2197,M,1
2198,M,4
2199,M,3
2200,M,4
2201,M,2
2202,M,2
2203,F,4
2204,F,3
2205,F,2
2206,F,1
2207,F,5
2208,F,1
2209,F,1
2210,M,5
2211,M,3
2212,M,1
2213,M,2
2214,M,5
2215,M,2
2216,M,1
2217,M,4
2218,M,2
2219,M,5
2220,M,3
2221,M,1
2222,M,1
2223,M,2
2224,M,1
2225,M,1
2226,M,2
2227,M,3
2228,M,1
2229,F,4
2230,F,3
2231,F,1
2232,F,1
2233,F,3
2234,F,1
2235,M,2
2236,M,2
2237,M,1
2238,F,10
2239,F,7
2240,F,7
2241,F,7
2242,F,2
2243,F,3
2244,F,4
2245,F,4
2246,F,2
2247,F,2
2248,F,1
2249,F,3
2250,F,2
2251,F,2
2252,F,3
2253,F,1
2254,F,1
2255,F,1
2256,F,2
2257,F,2
2258,M,4
2259,M,9
2260,M,6
2261,M,7
2262,M,1
2263,M,5
2264,M,2
2265,M,5
2266,M,1
2267,M,3
2268,M,4
2269,M,6
2270,M,2
2271,M,1
2272,M,2
2273,M,2
2274,M,1
2275,M,6
2276,M,6
2277,M,4
2278,M,1
2279,M,7
2280,M,1
2281,M,1
2282,M,1
2283,M,2
2284,M,5
2285,M,3
2286,M,1
2287,M,1
2288,M,2
2289,M,4
2290,F,1
2291,F,1
2292,F,1
2294,F,2
2295,F,1
2296,F,1
2297,F,1
2298,F,1
2299,F,4
2300,F,2
2301,F,1
2302,M,3
2303,M,6
2305,M,1
2306,M,6
2307,M,2
2308,M,4
2309,M,4
2310,M,1
2311,M,3
2312,M,3
2314,M,1
2315,M,1
2316,M,4
2317,F,1
2318,F,1
2319,F,1
2320,F,1
2321,F,3
2322,F,3
2323,F,3
2324,F,2
2325,F,1
2326,F,2
2327,F,3
2328,F,2
2329,F,2
2330,F,2
2331,F,2
2332,F,1
2333,F,3
2334,F,4
2335,F,3
2336,F,1
2337,F,2
2338,F,2
2339,F,2
2340,F,3
2341,F,1
2342,F,3
2343,M,2
2344,M,3
2345,M,3
2346,M,1
2347,M,2
2348,M,2
2349,M,3
2350,M,4
2351,M,2
2352,M,2
2353,M,2
2354,M,4
2355,M,2
2356,M,1
2357,M,1
2358,M,2
2359,M,4
2360,M,2
2361,M,2
2362,M,1
2363,M,5
2364,M,1
2365,M,3
2366,M,3
2367,M,3
2368,M,3
2369,M,2
2370,M,2
2371,M,4
2372,M,1
2373,M,7
2374,M,1
2375,M,3
2376,M,1
2377,M,1
2378,M,1
2379,M,1
2380,F,5
2381,F,1
2382,F,1
2383,F,3
2384,F,2
2385,F,4
2386,F,5
2387,F,6
2388,F,2
2389,F,2
2390,F,6
2391,F,2
2392,F,1
2393,F,3
2394,F,1
2395,F,2
2396,F,1
2397,F,1
2398,F,1
2399,F,2
2400,F,6
2401,F,4
2402,F,3
2403,F,6
2404,F,6
2405,F,3
2406,F,7
2407,F,1
2408,F,5
2409,F,6
2410,F,1
2411,F,1
2412,F,3
2413,F,1
2414,F,1
2415,F,4
2416,F,5
2417,F,1
2418,F,3
2419,F,1
2420,F,4
2421,F,4
2422,F,2
2423,F,4
2424,F,1
2425,F,1
2426,F,3
2427,F,2
2428,F,5
2429,F,2
2430,F,4
2431,F,3
2432,F,1
2433,F,1
2434,F,1
2435,F,1
2436,F,1
2437,M,6
2438,M,7
2439,M,2
2440,M,2
2441,M,2
2442,M,5
2443,M,3
2444,M,1
2445,M,5
2446,M,1
2447,M,3
2448,M,3
2449,M,3
2450,M,6
2451,M,1
2452,M,1
2453,M,6
2454,M,3
2455,M,3
2456,M,7
2457,M,1
2458,M,2
2459,M,3
2460,M,5
2461,M,1
2462,M,2
2463,M,7
2464,M,6
2465,M,4
2466,M,3
2467,M,7
2468,M,6
2469,M,7
2470,M,4
2471,M,6
2472,M,1
2473,M,5
2474,M,6
2475,M,1
2476,M,4
2477,M,1
2478,M,7
2479,M,1
2480,M,1
2481,M,4
2482,M,2
2483,M,1
2484,M,3
2485,M,2
2486,M,1
2487,M,5
2488,M,2
2489,M,2
2490,M,2
2491,M,3
2492,M,7
2493,M,5
2494,M,1
2495,M,2
2496,M,3
2497,M,6
2498,M,1
2499,F,3
2500,F,3
2501,F,1
2502,F,1
2503,F,4
2505,F,1
2506,F,2
2507,F,1
2508,F,4
2509,F,3
2510,F,1
2511,F,4
2512,F,2
2513,F,3
2514,F,3
2515,F,4
2516,F,6
2517,F,1
2518,F,3
2519,F,2
2520,F,2
2521,F,1
2522,F,4
2523,F,3
2524,F,5
2525,F,1
2526,F,1
2527,F,5
2528,F,1
2529,F,1
2530,F,2
2531,F,1
2532,F,2
2533,F,2
2534,F,6
2535,F,4
2536,F,1
2537,F,3
2538,M,2
2539,M,3
2540,M,5
2541,M,2
2542,M,6
2543,M,3
2544,M,3
2545,M,3
2546,M,3
2547,M,1
2548,M,2
2549,M,3
2550,M,1
2551,M,2
2552,M,1
2553,M,3
2554,M,4
2555,M,4
2556,M,3
2557,M,3
2558,M,1
2559,M,6
2560,M,4
2561,M,4
2562,M,1
2563,M,5
2564,M,3
2565,M,4
2566,M,5
2568,M,2
2569,M,2
2570,M,2
2571,M,2
2572,M,3
2573,M,1
2574,M,3
2575,M,3
2576,M,3
2577,M,1
2578,M,1
2579,M,2
2580,M,3
2581,M,1
2582,M,1
2583,M,1
2584,M,7
2585,M,3
2586,M,4
2587,M,2
2588,M,2
2589,M,2
2590,M,5
2591,M,2
2593,M,3
2594,M,1
2595,M,1
2596,M,2
2597,M,1
2598,M,3
2599,M,2
2600,M,3
2601,M,1
2602,M,2
2603,M,1
2604,M,3
2605,M,2
2606,M,3
2607,M,3
2608,M,5
2609,M,1
2610,M,1
2611,M,1
2612,M,2
2613,M,1
2614,M,2
2615,M,2
2616,M,4
2617,M,3
2618,M,1
2619,M,1
2620,M,1
2621,M,2
2622,M,2
2623,M,1
2624,M,1
2625,M,3
2626,M,3
2627,M,4
2629,M,2
2630,M,3
2631,M,3
2632,M,2
2633,M,3
2634,M,1
2635,M,3
2636,M,4
2637,M,3
2638,M,2
2639,M,2
2640,M,4
2641,M,4
2642,M,2
2643,M,3
2644,M,2
2645,M,3
2646,M,1
2647,M,3
2648,M,2
2649,M,2
2650,M,1
2651,M,3
2652,M,3
2653,M,3
2654,M,3
2655,M,2
2656,M,2
2657,M,3
2658,M,2
2659,M,2
2660,F,4
2661,F,2
2662,F,2
2663,F,3
2664,F,2
2665,F,3
2666,F,2
2667,F,2
2668,F,2
2669,F,3
2670,F,3
2671,F,2
2672,F,2
2673,F,2
2674,F,3
2675,F,2
2676,F,1
2677,F,2
2678,F,4
2679,F,2
2680,F,1
2681,F,1
2682,F,2
2683,F,2
2684,F,3
2685,F,2
2686,F,1
2687,M,2
2688,M,5
2689,M,1
2690,M,1
2691,M,1
2692,M,2
2693,M,2
2694,M,2
2695,M,1
2696,M,1
2697,M,2
2698,F,2
2699,F,4
2700,F,4
2702,F,2
2703,F,5
2704,F,1
2705,F,4
2706,F,1
2707,F,1
2708,F,1
2709,F,2
2710,F,1
2711,F,1
2712,F,3
2713,F,3
2714,F,1
2715,F,1
2716,F,1
2718,F,1
2719,F,1
2720,F,1
2721,F,1
2722,F,3
2723,M,4
2724,M,1
2725,M,1
2726,M,2
2727,M,2
2728,M,4
2729,M,1
2730,M,5
2731,M,3
2732,M,1
2733,M,1
2734,M,1
2735,M,2
2736,M,1
2737,M,1
2738,M,2
2739,M,1
2740,M,1
2741,M,1
2742,M,2
2743,M,3
2744,M,1
2745,M,3
2746,M,1
2747,M,1
2748,M,1
2749,M,3
2750,M,5
2751,M,5
2752,M,2
2753,M,2
2754,M,2
2755,M,1
2756,M,1
2758,M,2
2759,M,1
2760,M,1
2761,M,1
2762,M,1
2763,M,1
2765,M,1
2768,M,1
2769,M,1
2770,M,3
2771,M,1
2772,F,2
2773,F,2
2774,F,2
2775,F,4
2776,M,1
2777,M,1
2778,M,1
2779,M,2
2780,M,2
2781,M,1
2782,M,2
2783,M,5
2784,M,3
2785,M,1
2786,M,2
2787,M,1
2788,M,6
2789,F,1
2790,F,1
2791,F,2
2792,F,1
2793,F,1
2794,F,1
2795,M,1
2796,M,5
2797,M,2
2798,M,1
2799,M,1
2800,M,2
2801,M,1
2802,M,1
2803,M,4
2804,M,2
2805,M,1
2806,M,2
2807,M,1
2808,M,1
2809,F,1
2810,F,1
2811,F,1
2812,M,1
2813,M,1
2814,M,2
2815,M,1
2816,M,1
2817,M,2
2818,M,1
2819,M,1
2820,F,1
2821,M,1
2822,M,2
2823,M,1
2824,F,2
2825,F,2
2826,F,3
2827,F,1
2828,F,1
2829,F,1
2830,F,2
2831,F,1
2832,F,3
2833,F,2
2834,F,1
2835,F,1
2836,F,2
2837,F,2
2838,F,4
2839,F,1
2840,F,2
2841,F,2
2842,F,4
2843,F,1
2844,F,1
2845,F,1
2846,F,1
2847,F,1
2848,F,1
2849,F,1
2850,F,2
2851,M,2
2852,M,2
2853,M,6
2854,M,2
2855,M,6
2857,M,2
2858,M,1
2859,M,4
2860,M,2
2861,M,4
2862,M,1
2863,M,2
2864,M,1
2865,M,2
2866,M,1
2867,M,1
2868,M,2
2869,M,2
2870,M,2
2871,M,4
2872,M,2
2873,M,1
2874,M,5
2875,M,2
2876,M,5
2877,M,4
2878,M,1
2879,M,1
2880,M,3
2881,M,1
2882,M,3
2883,M,4
2884,M,1
2885,M,2
2886,M,2
2887,M,2
2888,M,1
2889,M,1
2890,M,1
2891,F,2
2892,F,2
2893,F,1
2894,F,5
2895,M,3
2896,M,4
2897,M,3
2898,M,1
2899,M,6
2900,M,6
2901,M,1
2902,M,1
2903,M,1
2904,M,1
2905,M,7
2906,M,2
2907,M,1
2908,M,2
2909,M,1
2910,M,1
2911,M,1
2912,M,1
2913,M,1
2914,M,1
2915,M,1
2916,M,1
2917,M,1
2918,M,1
2919,M,1
2920,F,1
2921,F,2
2922,F,3
2923,F,1
2924,F,4
2925,F,6
2926,F,3
2927,F,2
2928,F,5
2929,F,4
2930,F,2
2931,F,4
2932,F,4
2933,F,3
2934,F,7
2935,F,2
2936,F,2
2937,F,1
2938,F,2
2939,F,2
2940,F,4
2941,F,1
2942,F,2
2943,F,2
2944,M,2
2945,M,5
2946,M,6
2947,M,4
2948,M,1
2949,M,4
2950,M,1
2951,M,2
2952,M,5
2953,M,4
2954,M,3
2955,M,2
2956,M,2
2957,M,1
2959,M,5
2960,M,1
2961,M,2
2962,M,4
2963,M,3
2964,M,2
2965,M,4
2966,M,2
2967,M,4
2968,M,4
2969,M,2
2970,M,5
2971,M,4
2972,M,4
2973,M,4
2974,M,1
2975,M,2
2976,M,2
2977,M,3
2978,M,1
2979,M,2
2980,M,1
2981,M,2
2982,M,3
2983,M,1
2984,M,1
2985,M,3
2986,M,2
2987,M,2
2988,M,2
2989,M,2
2990,M,3
2991,M,4
2992,F,1
2993,F,1
2994,M,5
2995,M,3
2996,F,2
2997,F,1
2998,F,1
2999,F,2
3000,F,6
3001,F,1
3002,F,5
3003,F,3
3004,F,2
3005,F,1
3006,F,2
3007,F,1
3008,F,4
3009,M,1
3010,M,1
3011,M,5
3012,M,4
3013,M,1
3014,M,2
3015,M,4
3016,M,2
3017,M,2
3018,M,1
3019,M,1
3020,M,1
3021,M,2
3022,M,1
3023,M,1
3024,M,3
3025,M,1
3026,M,1
3027,F,1
3028,F,6
3029,F,1
3030,F,2
3031,F,1
3032,F,3
3033,F,4
3034,F,1
3035,F,4
3036,F,5
3037,F,5
3038,F,2
3039,F,2
3040,F,3
3041,F,2
3042,F,1
3043,F,1
3044,F,1
3045,F,1
3046,F,3
3047,F,1
3048,F,2
3049,F,1
3050,M,1
3051,M,3
3052,M,4
3053,M,3
3054,M,2
3055,M,1
3056,M,4
3057,M,4
3058,M,2
3059,M,1
3060,M,1
3061,M,1
3062,M,3
3063,M,1
3064,M,3
3065,M,1
3066,M,2
3067,M,2
3068,M,1
3069,M,1
3070,M,1
3071,M,1
3072,M,1
3073,M,4
3074,M,1
3075,M,1
3076,M,4
3077,M,3
3078,M,1
3079,M,2
3080,M,1
3081,M,1
3082,M,3
3083,M,2
3084,M,4
3085,M,2
3086,F,1
3087,F,1
3088,F,1
3089,M,2
3090,M,1
3091,M,1
3092,M,4
3093,M,1
3094,M,3
3095,M,1
3096,M,1
3097,F,3
3098,F,3
3099,F,1
3100,F,3
3101,F,1
3102,F,2
3103,F,2
3104,F,2
3105,F,1
3106,F,1
3108,F,1
3109,F,3
3110,F,2
3111,F,1
3112,F,1
3113,F,1
3114,F,1
3115,F,3
3116,F,3
3117,F,1
3118,F,1
3119,F,1
3120,F,1
3121,F,1
3122,F,1
3123,F,1
3124,F,1
3125,F,1
3126,F,2
3127,F,1
3128,F,1
3129,F,1
3130,F,1
3131,F,2
3132,M,1
3133,M,1
3134,M,2
3135,M,1
3136,M,2
3137,M,3
3138,M,1
3139,M,2
3140,M,1
3141,M,1
3142,M,3
3143,M,1
3144,M,2
3145,M,1
3146,M,1
3147,M,2
3148,M,1
3149,M,1
3150,M,1
3151,M,4
3152,M,1
3153,M,4
3154,M,2
3155,M,2
3156,M,1
3157,M,1
3158,M,2
3159,M,1
3160,M,1
3161,M,1
3162,M,1
3163,M,1
3164,M,1
3165,M,1
3166,M,1
3167,M,2
3168,M,1
3169,M,5
3170,M,1
3171,M,1
3172,M,1
3173,M,1
3174,M,1
3175,M,5
3176,M,1
3177,M,1
3178,M,1
3179,F,3
3180,F,1
3181,F,1
3182,F,1
3183,F,1
3184,F,1
3185,F,2
3186,F,1
3187,F,1
3188,F,1
3189,F,1
3190,F,1
3191,F,1
3192,F,1
3193,F,5
3194,F,1
3195,F,1
3196,F,3
3197,F,1
3198,F,3
3199,F,1
3200,F,1
3201,F,1
3202,F,1
3203,F,1
3204,M,2
3205,M,3
3206,M,1
3207,M,2
3208,M,1
3209,M,1
3210,M,2
3211,M,1
3212,M,1
3213,M,2
3214,M,1
3215,M,1
3216,M,5
3217,M,1
3218,M,2
3219,M,1
3220,M,1
3221,M,1
3222,M,1
3223,M,1
3224,M,1
3225,M,1
3226,M,2
3227,M,2
3228,M,1
3229,M,1
3230,M,1
3231,M,4
3232,M,1
3233,F,1
3234,F,1
3235,F,2
3236,F,2
3237,F,2
3238,F,2
3239,F,2
3240,F,3
3241,F,1
3242,F,1
3243,F,2
3244,F,1
3245,F,1
3246,F,1
3247,F,1
3248,F,1
3249,F,1
3250,F,3
3251,F,2
3252,F,1
3253,F,1
3254,F,1
3255,F,1
3256,F,3
3257,F,1
3258,F,1
3259,F,1
3260,F,1
3261,F,1
3262,F,1
3263,M,1
3264,M,1
3265,M,3
3266,M,1
3267,M,2
3268,M,3
3269,M,1
3270,M,1
3271,M,1
3272,M,1
3273,M,1
3274,M,1
3275,M,1
3276,M,3
3277,M,3
3278,M,1
3279,M,2
3280,M,2
3281,M,1
3282,M,1
3283,M,1
3284,M,1
3285,M,3
3286,M,1
3287,M,1
3288,M,1
3289,M,1
3290,M,1
3291,M,1
3292,M,2
3293,M,1
3294,M,1
3295,M,2
3296,M,2
3297,M,2
3298,M,1
3299,M,1
3300,M,1
3301,M,1
3302,M,2
3303,M,1
3304,M,1
3305,M,1
3306,M,1
3307,M,2
3308,M,1
3309,M,2
3310,M,1
3311,M,2
3312,M,1
3313,F,1
3314,F,4
3315,F,1
3316,F,1
3317,F,1
3318,F,2
3319,F,1
3320,F,1
3321,F,1
3322,F,2
3323,F,1
3324,F,2
3325,M,5
3326,M,1
3327,M,1
3328,M,1
3329,M,1
3330,M,1
3331,M,1
3332,M,1
3333,M,3
3334,M,1
3335,M,1
3336,M,4
3337,M,1
3338,M,1
3339,M,1
3340,M,1
3341,M,1
3342,M,1
3343,M,1
3344,M,1
3345,M,1
3346,M,1
3347,M,1
3348,M,1
3349,M,2
3350,M,4
3351,M,1
3352,M,1
3353,M,2
3354,M,1
3355,M,3
3356,M,1
3357,M,1
3358,M,1
3359,F,2
3360,F,9
3361,F,2
3362,F,1
3363,F,1
3364,F,3
3365,F,1
3366,F,3
3367,F,1
3368,F,5
3369,F,5
3370,F,2
3371,F,4
3372,F,1
3373,F,2
3374,F,1
3375,F,2
3376,F,1
3377,F,2
3378,F,1
3379,F,8
3380,F,1
3381,F,2
3382,F,2
3383,F,1
3384,F,1
3385,F,1
3386,M,8
3387,M,1
3388,M,3
3389,M,1
3390,M,3
3391,M,1
3393,M,7
3394,M,1
3395,M,1
3396,M,1
3397,M,1
3398,M,1
3399,M,4
3400,M,2
3401,M,1
3402,M,2
3403,M,1
3404,M,1
3405,M,3
3406,M,3
3407,M,7
3408,M,2
3409,M,3
3410,M,1
3411,M,1
3412,M,4
3413,M,1
3414,M,1
3415,M,4
3416,M,1
3417,M,1
3418,M,1
3419,M,1
3420,M,1
3421,M,1
3422,M,1
3423,F,1
3424,F,1
3425,F,1
3426,F,2
3427,F,1
3428,F,1
3429,F,1
3430,F,1
3431,F,7
3432,F,1
3433,F,3
3434,M,2
3435,M,1
3437,M,3
3438,M,1
3439,M,1
3440,M,3
3441,M,1
3442,M,2
3443,M,1
3444,M,3
3445,M,2
3446,M,1
3447,M,2
3448,M,2
3449,M,1
3450,M,1
3451,M,2
3452,M,1
3453,M,2
3454,M,1
3455,M,1
3456,M,2
3457,M,2
3458,M,1
3459,F,1
3460,F,7
3461,F,4
3462,F,1
3463,F,4
3464,F,1
3465,F,1
3466,M,1
3467,F,1
3468,F,1
3469,F,1
3470,F,1
3471,M,2
3472,M,2
3473,M,1
3474,M,1
3475,M,2
3476,M,1
3477,M,2
3478,F,1
3479,F,1
3480,F,1
3481,F,1
3482,M,1
3483,M,1
3484,M,1
3485,M,1
3486,M,2
3489,F,1
3490,F,1
3493,M,2
3500,M,2
3522,M,1
3537,F,3
3543,M,4
3547,M,1
3559,M,3
3586,F,2
3595,M,2
3596,M,2
3613,M,3
3699,M,3
3714,M,1
3742,F,1
3755,F,2
3782,M,1
3787,M,3
3789,M,3
3790,M,1
3823,F,1
3828,M,3
3832,M,1
3835,M,2
3859,M,5
3862,F,2
3864,F,3
3865,F,1
3866,F,3
3869,F,4
3875,M,1
3883,M,1
3884,M,4
3887,M,4
3889,F,1
3901,M,1
3914,M,2
3960,M,1
3963,M,1
3964,M,1
3968,F,1
3980,F,1
3984,M,1
4006,M,2
4025,F,2
4044,M,2
4053,F,1
4057,M,2
4065,M,2
4081,M,3
4084,M,1
4092,F,3
4093,F,1
4115,F,2
4116,F,1
4117,F,2
4123,M,1
4136,M,2
4138,M,2
4144,M,2
4151,F,1
4153,F,1
4154,M,3
4185,M,1
4191,M,1
4194,M,1
4205,M,1
4221,M,1
4223,F,3
4230,F,2
4231,F,2
4233,F,1
4237,F,2
4238,F,1
4241,F,1
4249,F,2
4251,F,2
4252,F,2
4314,M,2
4315,M,3
4316,M,1
4320,M,1
4332,M,3
4336,M,1
4340,M,2
4347,M,2
4354,M,1
4361,M,2
4368,M,2
4369,M,2
4394,M,2
4397,M,2
4433,M,3
4449,M,1
4468,M,2
4476,M,1
4482,M,1
4520,F,2
4530,M,1
4535,M,2
4542,F,1
4545,F,2
4549,F,2
4550,F,2
4555,F,3
4560,F,1
4563,M,1
4573,M,1
4575,M,2
4580,M,1
4585,M,4
4589,M,2
4590,M,1
4599,F,1
4627,M,2
4631,F,3
4637,M,3
4638,M,2
4640,M,1
4648,M,1
4655,F,5
4656,F,4
4660,F,1
4665,F,4
4669,F,2
4673,F,1
4681,F,1
4689,M,2
4692,M,1
4699,M,1
4700,M,3
4702,M,1
4704,M,2
4705,M,1
4719,M,1
4722,M,2
4723,M,2
4726,M,2
4728,M,1
4732,M,3
4733,M,1
4735,M,4
4763,F,1
4766,F,3
4774,F,2
4778,F,2
4785,F,1
4786,F,1
4787,F,1
4790,F,1
4791,F,3
4793,F,1
4794,F,1
4799,F,1
4821,F,1
4841,M,3
4865,M,1
4877,M,1
4878,M,1
4879,M,1
4881,M,1
4883,M,1
4884,M,1
4889,M,1
4900,M,2
4901,M,1
4910,M,4
4917,M,1
4918,M,3
4931,M,1
4957,F,2
4959,F,4
4971,F,4
4977,F,1
4997,M,2
4999,M,2
5001,M,2
5003,M,1
5005,M,2
5006,M,3
5007,M,2
5013,M,4
5025,M,3
5033,M,1
5034,M,2
5038,M,3
5050,M,3
5061,F,1
5065,F,2
5074,F,1
5130,M,1
5132,M,1
5135,M,1
5137,M,2
5138,M,2
5144,F,1
5147,M,1
5158,M,5
5161,M,1
5171,M,5
5173,M,1
5175,M,3
5202,F,3
5203,F,2
5215,M,2
5220,M,5
5230,M,4
5236,M,3
5264,F,3
5271,M,2
5277,F,1
5295,M,1
5297,M,4
5298,F,5
5306,M,1
5309,M,1
5312,M,1
5313,M,1
5314,M,2
5340,M,1
5344,F,3
5358,M,1
5360,M,2
5368,F,1
5374,M,1
5408,M,3
5409,M,2
5421,M,4
5426,F,1
5439,F,1
5441,F,1
5449,M,1
5450,M,1
5456,M,1
5464,M,1
5474,M,1
5488,M,1
5489,M,1
5490,M,1
5500,M,4
5512,F,1
5520,F,1
5521,F,2
5524,F,1
5568,M,1
5569,M,1
5571,M,5
5577,M,1
5582,M,1
5583,M,2
5585,M,1
5616,M,1
5619,M,1
5645,M,4
5648,F,1
5662,M,2
5670,M,2
5679,F,2
5682,F,1
5683,F,1
5685,F,2
5691,F,3
5708,M,7
5709,M,1
5716,M,1
5732,M,3
5735,M,4
5736,M,1
5766,F,3
5787,M,2
5793,M,2
5794,M,2
5818,M,1
5828,M,1
5900,M,1
5924,F,1
5932,M,2
6062,F,1
6227,M,1
6276,M,1
6285,F,4
6342,M,2
6344,M,2
6388,M,1
6408,M,1
6425,F,1
6431,F,5
6440,F,1
6458,F,2
6558,M,1
6820,M,4
6823,M,2
6824,M,1
6841,M,2
6845,M,1
6849,M,2
6867,F,4
6870,F,2
6885,F,1
6903,M,6
6974,M,1
7022,M,1
7110,F,1
7115,F,2
7162,F,5
7259,M,1
7289,F,2
7311,F,1
7625,M,1
7635,M,1
7641,M,3
7642,M,3
7643,M,2
7644,M,3
7652,M,1
7687,F,1
7689,M,3
7690,M,5
7691,M,5
7692,M,1
7693,M,4
7694,M,5
7695,M,1
7696,M,5
7697,M,5
7698,M,1
7699,M,2
7700,M,2
7701,M,3
7702,M,2
7703,M,3
7704,F,5
7705,F,5
7706,F,3
7707,F,2
7709,F,1
7710,F,1
7711,F,3
7712,F,3
7713,F,3
7714,F,1
7715,F,2
7716,M,2
7717,M,4
7718,M,4
7719,M,4
7720,M,3
7721,M,4
7722,M,3
7723,M,2
7724,M,4
7725,M,3
7726,M,3
7727,M,2
7728,M,1
7729,M,3
7730,M,2
7731,M,2
7732,M,3
7733,M,2
7734,M,3
7735,M,1
7736,M,3
7737,M,2
7738,M,1
7739,M,2
7740,M,2
7741,M,2
7742,M,2
7743,M,1
7744,M,3
7745,F,2
7746,F,2
7747,F,2
7748,F,2
7749,F,4
7750,F,1
7751,F,4
7752,F,1
7753,F,3
7754,F,2
7755,F,3
7756,F,2
7757,F,2
7758,F,1
7944,F,3
7945,F,3
7946,F,2
7947,F,3
7948,F,2
7949,M,4
7950,M,2
7951,M,1
7952,M,2
7953,M,2
7954,M,1
7955,M,2
7956,M,1
7957,M,2
7958,M,2
7959,M,2
7961,M,2
7962,M,1
7963,M,1
7964,M,2
7965,M,4
7966,M,3
7967,M,2
7968,M,1
7969,M,1
7970,F,4
7971,F,6
7972,F,1
7973,F,1
7974,F,2
7975,M,5
7976,M,5
7977,M,2
7978,M,3
7979,M,1
7980,M,2
7981,M,4
7982,M,5
7983,M,5
7984,M,2
7985,M,3
7986,F,5
7987,F,2
7988,F,5
7989,F,5
7990,F,4
7991,F,5
7992,F,2
7993,F,4
7994,F,3
7995,M,2
7996,M,1
7997,M,2
7998,F,4
7999,F,4
8000,F,4
8001,M,5
8002,M,4
8003,M,4
8004,M,4
8005,M,3
8006,M,1
8007,M,2
8008,M,1
8009,M,3
8010,M,2
8011,M,2
8012,M,1
8013,M,3
8014,M,4
8015,M,1
8016,M,1
8017,M,1
8018,M,1
8019,M,4
8020,M,1
8021,M,1
8022,M,4
8023,M,2
8024,F,1
8025,F,1
8026,F,1
8027,F,1
8028,F,2
8029,F,1
8030,F,1
8031,F,1
8032,F,3
8033,F,2
8034,F,4
8035,F,1
8036,F,1
8037,M,3
8038,M,3
8039,M,1
8040,M,1
8041,M,4
8042,M,1
8043,M,2
8044,M,1
8045,M,1
8046,M,3
8047,M,2
8048,M,2
8049,M,1
8050,M,2
8051,M,2
8052,M,2
8053,M,1
8054,M,2
8055,M,1
8056,M,4
8057,M,2
8058,M,2
8059,M,2
8060,M,2
8061,M,3
8062,M,2
8063,M,1
8064,M,3
8065,M,4
8067,M,3
8068,M,2
8069,M,3
8070,M,1
8071,M,2
8073,M,2
8074,M,3
8075,M,2
8077,M,2
8078,M,1
8079,M,2
8080,M,1
8081,M,2
8082,M,1
8084,M,3
8085,M,3
8086,M,1
8087,M,2
8088,M,1
8090,M,1
8091,M,1
8093,M,1
8094,M,1
8095,M,4
8096,M,1
8097,M,2
8098,M,1
8099,M,2
8101,M,1
8104,M,1
8105,M,1
8108,M,5
8109,F,1
8110,M,1
8111,F,1
8112,F,2
8113,F,3
8114,F,1
8115,F,2
8116,F,1
8117,F,3
8118,F,3
8119,F,3
8120,F,2
8121,F,1
8122,F,2
8123,F,4
8124,F,3
8125,F,3
8126,F,1
8127,F,1
8128,F,3
8129,F,1
8130,F,1
8131,F,1
8132,F,1
8133,F,1
8134,F,3
8135,F,4
8136,M,1
8138,M,1
8139,M,1
8140,M,1
8141,M,1
8142,M,1
8143,M,1
8144,M,1
8145,M,1
8146,M,4
8147,M,1
8183,F,3
10999,M,3
11289,M,2
11290,M,2
11291,M,2
11292,M,2
11293,M,2
11294,M,2
11295,F,1
11296,F,2
11297,F,1
11298,F,1
11300,M,2
11301,M,3
11302,M,4
11303,M,3
11304,M,2
11305,M,3
11306,M,3
11307,M,3
11308,M,3
11309,M,3
11310,M,3
11311,M,1
11312,M,2
11313,M,1
11314,M,1
11315,M,4
11316,M,3
11317,M,2
11318,M,1
11319,M,3
11320,M,1
11321,M,1
11322,M,4
11323,M,3
11324,M,2
11325,M,4
11326,M,1
11327,M,1
11328,M,2
11329,M,1
11330,M,2
11331,M,1
11332,M,1
11334,F,1
11335,F,1
11336,F,4
11337,F,3
11338,F,3
11339,F,2
11340,F,4
11341,F,4
11342,F,3
11343,F,4
11344,F,3
11345,F,4
11346,F,3
11347,F,4
11348,F,4
11349,F,1
11350,F,1
11351,F,1
11352,F,3
11353,M,1
11354,M,2
11355,M,2
11356,M,1
11357,M,2
11358,M,3
11359,M,2
11360,F,2
11361,F,1
11362,F,2
11363,F,1
11364,F,3
11365,F,3
11366,M,2
11367,M,3
11368,M,1
11369,M,1
11370,M,4
11371,M,4
11372,M,4
11373,M,1
11374,M,2
11376,F,3
11377,F,5
11379,M,3
11380,M,4
11381,M,4
11382,M,3
11383,M,4
11384,M,2
11385,M,4
11386,M,3
11387,M,2
11388,M,2
11389,M,3
11390,M,5
11391,M,1
11392,M,2
11393,M,1
11394,M,2
11395,M,3
11396,M,2
11397,M,2
11398,M,1
11399,M,3
11400,M,4
11401,M,2
11402,M,2
11403,M,1
11404,M,1
11405,M,2
11406,M,2
11407,M,1
11408,M,3
11409,M,1
11410,M,1
11411,M,1
11412,M,1
11413,M,2
11414,M,1
11415,M,1
11416,M,1
11417,M,2
11418,M,1
11419,M,4
11420,M,1
11421,M,3
11422,M,2
11423,M,1
11424,F,3
11425,F,2
11426,F,1
11427,F,2
11428,F,4
11429,F,1
11430,F,2
11431,F,3
11432,F,4
11433,F,2
11434,F,1
11435,F,1
11436,F,1
11437,F,3
11438,F,1
11439,F,1
11440,F,3
11441,F,2
11442,F,1
11443,F,1
11444,F,1
11445,F,3
11446,F,4
11447,F,3
11448,F,5
11449,F,1
11450,F,1
11451,F,1
11452,F,1
11453,F,2
11454,F,1
11455,F,2
11456,F,2
11457,F,2
11458,F,4
11459,F,1
11460,F,1
11461,F,3
11462,F,1
11463,F,2
11464,F,2
11465,F,2
11466,F,1
11467,F,1
11468,F,2
11469,F,1
11470,F,3
11471,F,1
11472,F,1
11473,F,1
11474,F,1
11475,F,2
11476,F,3
11477,F,1
11478,F,2
11479,F,1
11480,M,3
11481,M,3
11482,M,1
11483,M,3
11484,M,4
11485,M,4
11486,M,2
11488,M,3
11489,M,1
11490,M,3
11491,M,2
11492,M,1
11493,M,2
11494,M,2
11495,M,3
11496,M,1
11497,M,1
11498,M,2
11499,M,1
11500,M,1
11501,M,2
11502,M,2
11503,M,3
11504,M,1
11505,M,1
11506,M,2
11507,M,2
11508,M,2
11509,M,1
11510,M,1
11511,M,3
11512,M,3
11514,M,1
11515,M,1
11516,M,2
11517,M,1
11518,M,1
11519,M,1
11520,M,3
11521,M,1
11522,M,1
11523,M,1
11524,M,2
11525,M,3
11526,M,1
11527,M,1
11528,M,2
16112,M,2
16113,M,2
16114,M,3
16115,M,2
16116,M,1
16117,M,2
16118,M,4
16119,M,4
16120,M,2
16121,M,1
16122,M,2
16123,M,3
16124,M,3
16125,M,1
16126,M,2
16127,M,1
16128,M,1
16129,M,2
16130,M,2
16131,M,2
16132,M,2
16133,M,4
16134,M,2
16135,M,2
16136,M,1
16137,M,1
16138,M,1
16139,M,2
16140,M,2
16141,M,3
16142,M,2
16143,M,2
16144,M,1
16145,M,1
16146,M,2
16147,M,2
16148,M,2
16149,M,1
16150,M,1
16151,M,1
16152,M,1
16153,F,3
16154,F,3
16155,F,2
16156,F,4
16157,F,2
16158,F,1
16159,F,3
16160,F,4
16161,F,3
16162,F,1
16163,F,1
16164,F,4
16165,F,3
16166,F,3
16167,F,4
16168,F,4
16169,F,3
16170,F,1
16171,F,2
16172,F,3
16173,F,3
16174,F,1
16175,F,2
16176,F,2
16177,F,2
17373,M,1
17375,M,1
17555,M,1
17557,M,1
17562,F,3
17703,M,2
17734,F,1
17740,M,1
17931,F,2
17932,F,1
17937,F,3
18037,F,2
18040,F,1
18052,F,1
18085,M,1
18115,M,3
18130,M,1
18131,M,2
18189,F,1
18201,M,1
18264,F,1
18271,F,3
18288,M,1
18297,F,1
18322,M,1
18555,M,2
18557,M,1
18558,M,1
18559,M,3
18560,M,1
18561,M,4
18562,M,4
18563,M,3
18564,M,2
18565,M,3
18566,M,3
18567,M,1
18568,M,2
18569,M,3
18570,M,3
18571,M,3
18572,M,2
18573,M,2
18574,M,2
18575,M,2
18576,M,2
18577,M,3
18578,M,3
18579,M,3
18580,M,1
18581,M,3
18582,M,1
18583,M,3
18584,M,1
18585,M,3
18586,M,2
18587,M,1
18588,M,1
18589,M,1
18590,M,3
18591,M,1
18592,M,2
18593,F,2
18595,F,4
18596,F,3
18598,F,1
18599,F,3
18600,F,2
18601,F,3
18602,F,1
18603,F,2
18604,F,1
18605,F,1
18606,F,1
18607,F,3
18608,F,1
18609,F,3
18610,F,3
18611,F,2
18612,F,2
18613,F,3
18614,F,1
18710,M,3
18712,M,1
18724,M,3
18725,F,4
18726,F,3
18727,F,2
18728,M,3
18730,M,3
18731,M,5
18732,M,3
18733,M,1
18734,M,2
18735,M,1
18736,M,4
18737,M,2
18738,M,1
18739,M,1
18740,F,2
18741,F,3
18742,M,3
18743,M,1
18744,M,3
18745,M,3
18746,M,2
18747,M,4
18748,M,4
18749,M,1
18750,M,2
18751,M,3
18752,M,1
18753,M,1
18754,M,1
18755,M,1
18756,M,1
18757,M,1
18758,F,3
18760,F,3
18761,F,2
18762,F,1
18763,F,3
18764,F,1
18765,F,1
18766,F,2
18767,F,2
18768,F,2
18769,M,3
18770,M,1
18771,M,3
18772,M,4
18773,M,2
18774,M,3
18775,M,1
18776,M,1
18777,F,4
18778,F,2
18779,F,3
18780,M,4
18781,M,4
18782,M,1
18783,M,1
18784,M,2
18785,M,1
18786,M,3
18787,M,2
18788,M,2
18789,M,2
18790,M,2
18791,M,2
18792,M,1
18793,F,1
18794,F,3
18795,F,2
18796,F,2
18797,F,1
18798,F,1
18799,F,1
18800,M,1
18801,M,1
18802,M,1
18803,M,1
18804,M,1
18805,M,1
18806,M,1
18807,M,1
18808,M,1
18809,F,1
18810,F,1
18811,F,1
18812,F,2
18813,F,1
18814,F,1
18815,F,1
18816,F,2
18817,F,2
18818,F,2
18819,F,1
18820,F,3
18821,F,2
18822,F,3
18823,F,2
18824,F,2
18825,F,2
18826,F,4
18827,F,1
18828,F,3
18829,F,2
18830,F,1
18831,F,4
18832,F,3
18833,F,1
18834,F,2
18835,F,4
18836,F,3
18837,F,2
18838,F,1
18839,F,3
18840,F,1
18841,F,1
18842,F,2
18843,F,1
18844,F,3
18845,F,1
18846,F,1
18847,F,2
18848,F,1
18849,F,2
18850,F,2
18851,F,3
18852,F,3
18853,F,1
18854,F,3
18855,F,1
18856,F,3
18857,F,1
18858,F,1
18859,F,1
18860,F,3
18861,F,1
18862,F,1
18863,F,2
18864,F,1
18865,M,2
18866,M,1
18867,M,2
18868,M,1
18869,M,4
18870,M,3
18871,M,3
18872,M,2
18873,M,2
18874,M,4
18875,M,2
18876,M,3
18877,M,4
18878,M,3
18879,M,3
18880,M,1
18881,M,1
18882,M,2
18883,M,2
18884,M,2
18885,M,2
18886,M,1
18887,M,2
18888,M,3
18889,M,2
18890,M,1
18891,M,1
18892,M,2
18893,M,2
18894,M,3
18895,M,4
18896,M,1
18897,M,2
18898,M,2
18899,M,3
18900,M,2
18901,M,1
18902,M,1
18903,M,1
18904,M,2
18905,M,1
18906,M,1
18907,M,1
18908,M,1
18909,M,1
18910,M,3
18911,F,2
18912,F,2
18913,F,2
18914,F,2
18915,M,2
18916,F,1
18917,F,1
18918,F,1
18919,M,2
18920,M,1
18921,F,3
18922,F,3
18923,F,3
18924,F,1
18925,F,3
18926,F,1
18927,F,2
18928,F,2
18929,F,4
18930,F,1
18931,F,4
18932,F,2
18933,F,3
18934,F,2
18935,F,3
18936,F,2
18937,F,2
18938,F,2
18939,F,3
18940,F,2
18941,F,2
18942,F,3
18943,F,2
18944,F,1
18945,F,2
18946,F,1
18948,F,4
18949,F,1
18950,F,2
18951,F,2
18953,F,1
18954,F,2
18955,F,1
18956,F,1
18957,F,1
18958,F,2
18959,F,1
18960,F,3
18961,M,3
18962,M,1
18963,M,3
18964,M,3
18965,M,3
18966,M,1
18967,M,2
18968,M,3
18969,M,3
18970,M,2
18971,M,4
18972,M,1
18973,M,2
18974,M,3
18975,M,3
18976,M,2
18977,M,4
18978,M,1
18979,M,3
18980,M,2
18981,M,1
18982,M,1
18984,M,1
18985,M,1
18986,M,2
18987,M,1
18988,M,3
18989,M,2
18990,M,3
18991,M,2
18992,M,3
18993,M,2
18994,M,3
18995,M,1
18996,M,1
18997,M,2
18998,M,1
19000,M,2
19001,M,3
19002,M,4
19003,M,1
19004,M,1
19005,M,2
19006,M,4
19007,M,3
19008,M,1
19009,M,1
19010,M,2
19011,M,2
19012,M,3
19013,M,4
19014,M,2
19015,M,2
19016,M,2
19017,M,1
19018,M,2
19019,F,1
19360,F,3
19361,F,3
19362,M,3
19363,M,2
19364,M,3
19365,M,2
19366,F,3
19367,F,2
19368,F,2
19369,F,1
19370,F,2
19371,F,1
19372,F,1
19373,F,1
19374,M,1
19375,M,1
19376,M,1
19377,M,1
19378,M,2
19379,M,1
19380,M,2
19381,M,3
19382,M,1
19383,M,1
19384,M,3
19385,M,2
19386,M,3
19387,M,3
19388,M,2
19389,M,1
19390,M,2
19391,M,2
19392,M,1
19393,M,1
19394,M,2
19395,M,1
19396,M,3
19397,M,2
19398,M,2
19399,M,2
19400,M,2
19401,M,1
19402,M,2
19403,M,2
19404,M,4
19405,M,2
19406,M,1
19407,M,3
19408,M,1
19409,M,2
19410,M,1
19411,M,1
19412,M,1
19413,M,1
19414,M,1
19415,M,1
19416,M,1
19417,M,3
19418,M,2
19419,M,1
19420,M,1
19421,M,1
19422,M,3
19423,M,1
19424,M,1
19425,M,3
19426,M,1
19427,M,1
19428,M,1
19429,M,2
19430,M,2
19431,M,2
19432,M,2
19433,M,1
19434,M,1
19435,M,1
19436,M,2
19437,M,3
19438,M,2
19439,M,2
19440,M,2
19441,M,1
19442,M,3
19443,M,1
19445,F,1
19446,F,2
19447,F,3
19448,F,2
19449,F,3
19450,F,2
19451,F,1
19452,F,1
19453,F,1
19454,F,3
19455,F,1
19456,F,2
19457,F,1
19458,F,2
19459,F,3
19460,F,1
19461,F,1
19462,F,2
19463,F,2
19464,F,1
19465,F,3
19466,F,1
19467,F,1
19468,F,3
19469,F,3
19470,F,1
19471,F,1
19472,F,1
19473,F,2
19474,F,1
19475,F,1
19476,F,1
19477,F,2
19478,M,3
19479,M,2
19480,M,1
19481,M,2
19482,M,2
19483,M,1
19484,M,1
19485,M,1
19486,M,1
19487,M,2
19488,M,2
19489,M,1
19490,F,2
19491,F,2
19492,F,1
19493,F,1
19494,F,1
19495,F,1
19496,M,2
19497,M,2
19498,M,2
19499,F,1
19500,F,1
19501,F,1
19502,M,3
19503,M,2
19504,F,1
19505,F,3
19506,F,5
19507,F,1
19508,F,1
19509,F,1
19510,F,1
19511,F,2
19512,F,3
19513,F,2
19514,F,1
19515,F,1
19516,F,2
19517,F,1
19518,F,3
19519,F,1
19520,F,2
19521,F,1
19522,F,2
19523,F,1
19524,F,2
19525,F,2
19526,F,2
19527,F,1
19528,M,3
19529,M,2
19530,M,1
19531,M,1
19532,M,1
19533,M,1
19534,M,2
19535,M,1
19536,M,3
19538,M,2
19539,M,2
19540,M,1
19541,M,1
19542,M,2
19543,M,3
19544,M,1
19545,M,1
19546,M,1
19547,M,1
19548,M,2
19549,M,1
19550,M,1
19551,M,3
19552,M,1
19553,M,4
19554,M,2
19555,M,2
19556,M,2
19557,M,2
19558,M,2
19559,M,2
19560,M,1
19561,M,2
19562,M,1
19563,M,1
19564,M,1
19565,M,1
19566,M,3
19567,M,1
19568,M,1
19569,M,2
19570,M,1
19571,M,1
19572,M,1
19573,M,1
19574,M,1
19575,M,3
19576,M,1
19577,M,1
19578,M,1
19579,M,1
19580,M,1
19581,M,2
19582,M,1
19583,M,2
19584,M,1
19585,M,1
19586,M,1
19587,F,1
19588,F,2
19589,F,1
19590,F,1
19591,F,1
19592,F,1
19593,F,1
19594,F,1
19595,F,3
19596,F,1
19597,F,3
19598,M,2
19599,M,1
19600,M,3
19602,F,3
19603,F,2
19604,F,1
19605,F,1
19606,F,2
19607,F,1
19608,F,1
19609,F,1
19610,F,2
19611,F,1
19612,F,1
19613,F,1
19614,F,1
19615,F,1
19616,F,1
19617,M,1
19618,M,1
19619,M,1
19621,M,1
19622,M,1
19623,M,1
19624,M,2
19625,M,1
19626,M,3
19627,M,2
19628,M,2
19629,M,1
19630,M,1
19631,M,1
19632,M,1
19633,M,1
19634,M,2
19635,M,2
19636,M,2
19637,M,3
19638,M,2
19639,M,2
19640,M,2
19641,M,3
19642,M,2
19643,M,1
19644,M,2
19645,M,1
19646,M,1
19647,M,1
19648,M,2
19649,M,3
19650,M,1
19651,M,1
19652,M,1
19653,M,2
19654,M,1
19655,M,1
19656,M,2
19657,M,2
19658,M,1
19659,M,1
19660,M,1
19661,M,2
19662,M,2
19663,M,1
19664,M,1
19665,M,1
19666,M,2
19796,F,1
19960,M,1
20392,M,1
20393,M,1
20394,F,2
20395,F,1
20396,F,1
20397,M,1
20398,M,1
20399,M,1
20400,F,1
20401,F,1
20402,F,1
20403,F,2
20404,F,1
20405,F,2
20406,F,1
20407,F,1
20408,F,2
20409,F,1
20410,F,1
20411,F,1
20412,F,1
20413,F,1
20414,F,1
20415,F,1
20416,F,1
20417,F,1
20418,F,1
20419,F,1
20420,F,1
20421,F,1
20422,F,1
20423,F,1
20424,F,1
20425,F,1
20426,M,1
20427,M,2
20428,M,1
20429,M,2
20430,M,1
20431,M,2
20432,M,1
20433,M,1
20434,M,1
20435,M,1
20436,M,1
20437,M,1
20438,M,1
20439,M,1
20440,M,1
20441,M,1
20442,M,1
20443,M,2
20444,M,1
20445,M,1
20447,M,1
20448,M,1
20449,M,1
20450,M,1
20451,M,2
20452,M,1
20453,M,1
20454,M,1
20455,F,1
20456,F,1
20457,F,1
20458,F,1
20459,F,1
20460,F,1
20461,F,1
20462,F,2
20463,F,2
20464,F,2
20465,F,1
20466,F,2
20467,M,2
20468,M,2
20469,M,1
20470,M,1
20471,M,1
20472,M,2
20473,M,1
20474,M,1
20475,M,1
20476,M,2
20477,M,1
20478,M,2
20479,M,2
20480,M,1
20481,M,1
20482,M,2
20483,F,1
20484,F,1
20485,M,2
20488,M,3
20489,M,3
20490,M,1
20491,M,2
20492,M,3
20493,M,2
20494,M,3
20495,F,3
20496,F,3
20497,M,2
20498,M,3
20763,F,3
20764,F,2
20765,M,2
20766,M,2
20767,M,1
20768,M,1
21203,M,1
21204,M,1
21205,M,2
21206,M,1
21207,M,2
21208,F,2
21209,M,1
21210,M,3
21211,F,1
21212,F,1
21213,M,1
21214,F,1
21215,F,2
21216,F,1
21217,F,2
21218,F,1
21219,F,1
21220,F,1
21221,F,1
21222,F,1
21223,F,1
21224,F,2
21225,F,1
21226,F,1
21227,F,1
21228,F,1
21229,M,1
21230,M,1
21231,M,1
21232,M,1
21233,M,2
21234,M,2
21235,M,1
21236,M,1
21237,M,2
21238,M,1
21239,M,2
21240,M,1
21241,M,1
21242,M,1
21243,M,1
21244,M,1
21245,M,1
21465,F,1
21466,F,2
21467,F,1
21468,F,1
21469,F,1
21470,M,1
21471,M,1
21472,M,1
21473,M,1
21474,M,1
21475,M,1
21476,M,2
21477,F,1
21478,F,1
21479,M,1
21480,M,1
21481,F,2
21482,M,2
21483,M,1
21484,M,1
21485,F,1
22345,M,1
22346,M,1
22348,M,1
22349,M,1
22350,M,1
22351,F,1
22352,F,1
22353,F,1
22354,F,1
22355,F,1
22356,F,1
22357,F,1
22358,F,1
22359,F,1
22360,F,1
22361,F,1
22362,F,1
22363,F,1
22364,F,1
22365,F,1
22366,F,1
22367,F,1
22368,F,1
22369,F,1
22370,F,1
22371,F,1
22372,F,1
22373,F,1
22374,F,1
22375,F,1
22376,F,1
22377,F,1
22378,M,1
22379,M,1
22381,M,1
22382,M,1
22383,M,1
22384,M,1
22385,M,1
22386,M,1
22387,M,1
22388,M,1
22389,M,1
22390,M,1
22391,M,1
22392,M,1
22393,M,1
22394,M,1
22395,M,1
22396,M,1
22397,M,1
22398,M,1
22399,M,1
22400,M,1
22401,M,1
22402,M,1
22403,M,1
22404,M,1
22405,M,1
22406,M,1
22407,M,1
22408,M,1
22409,M,1
22410,M,1
22411,M,1
22412,M,1
22413,M,1
22515,M,2
22516,M,2
22517,M,2
22518,M,2
22519,M,2
22520,M,1
22521,M,1
22522,M,1
22523,M,2
22524,M,2
22525,M,2
22526,M,1
22527,M,2
22528,M,2
22529,M,1
22530,M,1
22531,M,1
22532,M,1
22533,M,1
22534,M,1
22535,M,1
22536,M,1
22537,M,1
22538,M,1
22539,M,1
22540,M,1
22541,M,1
22542,M,1
22543,F,2
22544,F,1
22545,F,1
22546,F,2
22547,F,1
22548,F,1
22549,F,2
22550,F,1
22551,F,1
22552,F,1
22553,F,2
22554,F,2
22555,F,1
22556,F,1
22557,F,1
22558,F,2
22559,F,1
22560,F,1
22561,F,1
22565,M,2
22566,M,2
22567,M,1
22568,M,1
22569,M,1
22570,M,1
22571,M,1
22572,M,1
22573,M,2
22574,M,1
22575,M,1
22576,M,1
22577,F,2
22578,F,1
22579,F,1
22580,F,2
22581,F,2
22582,F,1
22583,F,1
22584,F,1
22585,F,1
22586,M,2
22587,F,1
22588,M,2
22589,M,2
22590,M,1
22591,M,2
22592,M,2
22593,M,2
22594,M,2
22595,M,2
22596,M,2
22597,M,1
22598,F,2
22599,F,1
22600,F,2
23383,F,1
23384,F,1
23385,F,1
23386,F,1
23387,F,1
23388,F,1
23389,F,1
23390,F,1
23391,F,1
23392,F,1
23393,F,1
23394,F,1
23395,F,1
23396,F,1
23397,F,1
23398,F,1
23399,F,1
23400,F,1
23401,F,1
23402,F,1
23403,F,1
23404,F,1
23405,F,1
23406,F,1
23407,F,1
23408,M,1
23411,M,1
23412,M,1
23413,M,1
23414,M,1
23415,M,1
23416,M,1
23417,M,1
23418,M,1
23419,M,1
23420,M,1
23421,M,1
23422,M,1
23423,M,1
23424,M,1
23425,M,1
23426,M,1
23427,M,1
23428,M,1
23429,M,1
23430,M,1
23431,M,1
23432,M,1
23433,M,1
23435,M,1
23436,M,1
23437,M,1
23438,M,1
23439,M,1
23440,M,1
23441,M,1
23442,M,1
23443,M,1
23444,M,1
23445,M,1
23446,M,1
23447,M,1
23448,M,1
23449,M,1
23450,M,1
23451,M,1
23452,M,1
23453,M,1
23454,M,1
23455,M,1
23456,M,1
23457,M,1
23458,M,1
23459,M,1
23460,M,1
23461,M,1
23462,F,3
23463,F,1
23464,F,1
23465,F,1
23466,F,1
23467,F,1
23468,F,1
23469,F,1
23471,M,1
23472,M,1
23473,M,1
23474,M,1
23475,M,1
23476,M,1
23477,M,1
23478,M,1
23479,M,1
23480,M,1
23481,M,1
23482,M,1
23483,M,1
23484,M,1
23485,M,1
23486,M,2
23487,M,1
23488,M,1
23489,M,1
23490,M,1
23491,M,1
23492,M,1
23493,M,1
23494,M,1
23495,M,1
23496,M,1
23497,M,1
23498,M,1
23499,M,1
23500,M,1
23501,M,1
23502,M,1
23503,M,1
23504,M,1
23505,M,1
23506,M,1
23507,M,1
23508,M,1
23509,M,1
23510,M,1
23511,M,1
23512,M,1
23513,M,1
23514,M,1
23515,M,1
23516,M,1
23517,M,1
23518,M,1
23519,M,1
23520,M,1
23521,M,1
23522,M,1
23523,F,4
23524,F,1
23525,F,1
23526,F,1
23527,F,1
23528,F,1
23529,F,1
23530,F,1
23531,F,1
23532,F,1
23533,F,1
23534,F,1
23535,F,1
23536,F,1
23537,F,1
23538,F,1
23539,F,1
23540,F,1
23541,F,1
23542,F,1
23543,F,1
23544,F,1
23545,F,1
23546,F,1
23547,F,1
23548,F,1
23549,F,1
23550,F,1
23551,F,1
23552,F,1
23553,F,1
23554,F,1
23555,F,1
23556,F,1
23557,F,1
23558,F,1
23559,F,1
23560,F,1
23561,F,1
23562,F,1
23563,F,1
23564,F,1
23565,F,1
23566,F,1
23567,F,1
23568,M,1
23569,M,1
23570,M,1
23571,M,1
23572,M,1
23573,M,1
23574,M,1
23575,M,1
23576,M,1
23577,M,1
23578,M,1
23579,M,1
23580,M,1
23581,M,1
23582,M,1
23583,M,1
23584,M,1
23585,M,1
23586,M,1
23587,M,1
23588,M,1
23589,M,1
23590,M,1
23591,M,1
23592,M,1
23593,M,1
23594,M,1
23595,M,1
23596,M,1
23597,M,1
23598,M,1
23599,M,1
23600,M,1
23601,M,1
23713,F,1
23714,F,1
23715,F,1
23716,F,1
23717,F,1
23718,M,1
23719,M,1
23720,M,1
23721,M,1
23722,M,1
23723,M,1
23724,M,1
23725,M,1
23726,M,1
23727,M,1
23860,F,1
23861,F,1
23862,F,1
23863,M,1
23864,M,1
23865,M,1
23866,M,1
23867,M,1
23868,M,1
23869,M,1
23870,M,1
23871,M,1
23872,M,1
23922,F,1
23923,F,1
23924,F,2
23925,F,1
23926,M,1
23927,M,1
23928,M,1
23929,M,1
23930,M,1
23931,M,1
23932,M,1
23933,M,1
23934,M,1
23935,M,1
25549,M,3
25996,M,2
